ID_CPTM,NOME_COMPLETO,LOGRADOURO,NUMERO,COMPLEMENTO,BAIRRO,CIDADE,UF,DEP_SIGLA,GER_SIGLA,GG_SIGLA,DIR_SIGLA,ESTRUTURA_SIGLA,FL_ATIVO,Tipo de Item,Caminho
01015410000,DEPTO DE ENG DE MANUTENCAO DE VP E ESTRUTURA CIVIL,RUA ZUMA DE SA FERNANDES,360,3º ANDAR,PRESIDENTE ALTINO,OSASCO,SP,DOTV,GOT,GOM,DO,DOTV,1,Item,RH/Lists/EstruturaOrganizacional
01015411000,EQUIPE DE EDIFICACOES,RUA ZUMA DE SA FERNANDES,360,3º ANDAR,PRESIDENTE ALTINO,OSASCO,SP,DOTV,GOT,GOM,DO,DOTV,1,Item,RH/Lists/EstruturaOrganizacional
01015420000,DEPTO DE ENG DE MANUT DE MATERIAL RODANTE,RUA ZUMA DE SA FERNANDES,360,2º ANDAR,PRESIDENTE ALTINO,OSASCO,SP,DOTM,GOT,GOM,DO,DOTM,1,Item,RH/Lists/EstruturaOrganizacional
01016731000,EQUIPE SISTEMAS OPERACIONAIS,PRAÇA AGENTE CICERO,S/N,BRAS - ANTIGO CCO,BRAS,SAO PAULO,SP,DOGB,GOG,GOO,DO,DOGB,1,Item,RH/Lists/EstruturaOrganizacional
01015340040,OFICINA LUZ MANOBRAS,RUA JOSE PAULINO,7,OFICINA LUZ,BOM RETIRO,SAO PAULO,SP,DORA,GOR,GOM,DO,DORA,1,Item,RH/Lists/EstruturaOrganizacional
01019999994,PESSOAL CONSORCIO,RUA MARIO ANDRADE,06,EST B FUNDA/ATEND USUARIO,BARRA FUNDA,SAO PAULO,,,,,,,1,Item,RH/Lists/EstruturaOrganizacional
01015500000,GERENCIA DE MANUTENCAO DE EQUIPAMENTOS FIXOS,PRAÇA AGENTE CICERO,S/N,EST. BRAS,BRAS,SAO PAULO,SP,,GOF,GOM,DO,GOF,1,Item,RH/Lists/EstruturaOrganizacional
01015370000,DEPTO DE OFICINAS DE MANUTENCAO,RUA ZUMA DE SA FERNANDES,360,2º ANDAR,PRESIDENTE ALTINO,OSASCO,SP,DORO,GOR,GOM,DO,DORO,1,Item,RH/Lists/EstruturaOrganizacional
01015340000,DEPTO DE MANUT MAT RODANTE - LAPA,AV RAIMUNDO PEREIRA DE MAGALHÃES,200,OFICINA LAPA,VILA ANASTACIO,SAO PAULO,SP,DORA,GOR,GOM,DO,DORA,1,Item,RH/Lists/EstruturaOrganizacional
01015373000,EQUIPE OFICINA PRES ALTINO,RUA GENERAL MANOEL DE AZAMBUJA BRILHANTE,55,OFICINA PRESID. ALTINO,CENTRO,OSASCO,SP,DORO,GOR,GOM,DO,DORO,1,Item,RH/Lists/EstruturaOrganizacional
01015373020,GERADORES E AUXILIARES,RUA GENERAL MANOEL DE AZAMBUJA BRILHANTE,55,OFICINA PRESID. ALTINO,CENTRO,OSASCO,SP,DORO,GOR,GOM,DO,DORO,1,Item,RH/Lists/EstruturaOrganizacional
01015373025,EQUIPAMENTOS PNEUMATICOS COMPRESSORES,RUA GENERAL MANOEL DE AZAMBUJA BRILHANTE,55,OFICINA PRESID. ALTINO,CENTRO,OSASCO,SP,DORO,GOR,GOM,DO,DORO,1,Item,RH/Lists/EstruturaOrganizacional
01015373030,EQUIPAMENTOS PNEUMATICOS BLOCOS CILINDROS FREIOS,RUA GENERAL MANOEL DE AZAMBUJA BRILHANTE,55,OFICINA PRESID. ALTINO,CENTRO,OSASCO,SP,DORO,GOR,GOM,DO,DORO,1,Item,RH/Lists/EstruturaOrganizacional
01015373035,USINAGEM E METALURGIA-USINAGEM,RUA GENERAL MANOEL DE AZAMBUJA BRILHANTE,55,OFICINA PRESID. ALTINO,CENTRO,OSASCO,SP,DORO,GOR,GOM,DO,DORO,1,Item,RH/Lists/EstruturaOrganizacional
01015373040,USINAGEM E METALURGIA SOLDA/CALDEIRARIA,RUA GENERAL MANOEL DE AZAMBUJA BRILHANTE,55,OFICINA PRESID. ALTINO,CENTRO,OSASCO,SP,DORO,GOR,GOM,DO,DORO,1,Item,RH/Lists/EstruturaOrganizacional
01015373045,TRUQUES PRES ALTINO,RUA GENERAL MANOEL DE AZAMBUJA BRILHANTE,55,OFICINA PRESID. ALTINO,CENTRO,OSASCO,SP,DORO,GOR,GOM,DO,DORO,1,Item,RH/Lists/EstruturaOrganizacional
01015373050,COMPONENTES MECANICOS,RUA GENERAL MANOEL DE AZAMBUJA BRILHANTE,55,OFICINA PRESID. ALTINO,CENTRO,OSASCO,SP,DORO,GOR,GOM,DO,DORO,1,Item,RH/Lists/EstruturaOrganizacional
01015373060,PANTOGRAFOS E CANOAS,RUA GENERAL MANOEL DE AZAMBUJA BRILHANTE,55,OFICINA PRESID. ALTINO,CENTRO,OSASCO,SP,DORO,GOR,GOM,DO,DORO,1,Item,RH/Lists/EstruturaOrganizacional
01015375000,EQUIPE OFICINA LAPA,AV RAIMUNDO PEREIRA DE MAGALHÃES,200,OFICINA LAPA,VILA ANASTACIO,SAO PAULO,SP,DORO,GOR,GOM,DO,DORO,1,Item,RH/Lists/EstruturaOrganizacional
01015520000,DEPTO DE MANUT DE SISTEMAS DE ENERGIA,PRAÇA AGENTE CICERO,S/N,EST. BRAS,BRAS,SAO PAULO,SP,DOFE,GOF,GOM,DO,DOFE,1,Item,RH/Lists/EstruturaOrganizacional
01015521005,REDE AEREA 7/10 - MAUA,AV RIO BRANCO,3,PATIO - EST. MAUA,CENTRO,MAUA,SP,DOFE,GOF,GOM,DO,DOFE,1,Item,RH/Lists/EstruturaOrganizacional
01015521010,REDE AEREA 7/10 - BARRA FUNDA,RUA MARIO DE ANDRADE,684,EST. BARRA FUNDA,BARRA FUNDA,SAO PAULO,SP,DOFE,GOF,GOM,DO,DOFE,1,Item,RH/Lists/EstruturaOrganizacional
01015522005,REDE AEREA 8/9 - DOMINGOS DE MORAES,RUA JOÃO TIBIRIÇÁ,S/N,EST. DOMINGOS DE MORAES,LAPA,SAO PAULO,SP,DOFE,GOF,GOM,DO,DOFE,1,Item,RH/Lists/EstruturaOrganizacional
01015530000,DEPTO DE MANUT DE SISTEMAS ELETRONICOS E RESTABELECIMENTO DE SERVICOS,PRAÇA AGENTE CICERO,S/N,EST. BRAS,BRAS,SAO PAULO,SP,DOFS,GOF,GOM,DO,DOFS,1,Item,RH/Lists/EstruturaOrganizacional
01015531005,SINALIZACAO LUZ,RUA JOSÉ PAULINO,7,SINALIZ. LUZ,BOM RETIRO,SAO PAULO,SP,DOFS,GOF,GOM,DO,DOFS,1,Item,RH/Lists/EstruturaOrganizacional
01015531010,RESTABELECIMENTO LUZ,RUA JOSÉ PAULINO,7,SINALIZ. LUZ,BOM RETIRO,SAO PAULO,SP,DOFS,GOF,GOM,DO,DOFS,1,Item,RH/Lists/EstruturaOrganizacional
01015532010,RESTABELECIMENTO PRESIDENTE ALTINO,RUA GENERAL MANOEL DE AZAMBUJA BRILHANTE,55,PRESID. ALTINO,CENTRO,OSASCO,SP,DOFS,GOF,GOM,DO,DOFS,1,Item,RH/Lists/EstruturaOrganizacional
01015533015,SINALIZACAO PREVENTIVA BRAS,PRAÇA AGENTE CICERO,S/N,EST. BRAS,BRAS,SAO PAULO,SP,DOFS,GOF,GOM,DO,DOFS,1,Item,RH/Lists/EstruturaOrganizacional
01015600000,GERENCIA DE MANUTENCAO DE VIA PERMANENTE E ESTRUTURA CIVIL,AV RAIMUNDO PEREIRA DE MAGALHÃES,200,LAPA,VILA ANASTACIO,SAO PAULO,SP,,GOV,GOM,DO,GOV,1,Item,RH/Lists/EstruturaOrganizacional
01015514000,EQUIPE DE IMPLANTACAO DE SISTEMAS AUXILIARES,RUA DR ALMEIDA LIMA,240,BRAS,BRÁS,SAO PAULO,SP,DOFA,GOF,GOM,DO,DOFA,1,Item,RH/Lists/EstruturaOrganizacional
01011220000,DEPTO JURIDICO CONTENCIOSO,RUA BOA VISTA,162,3º ANDAR,CENTRO,SAO PAULO,SP,DRJC,GRJ,,PR,DRJC,1,Item,RH/Lists/EstruturaOrganizacional
01011230000,DEPTO JURIDICO CONTENCIOSO TRABALHISTA,RUA BOA VISTA,162,3º ANDAR,CENTRO,SAO PAULO,SP,DRJT,GRJ,,PR,DRJT,1,Item,RH/Lists/EstruturaOrganizacional
01011610000,DEPARTAMENTO DE CONFORMIDADE E CONTROLE INTERNO,RUA BOA VISTA,162,13º ANDAR,CENTRO,SAO PAULO,SP,DRIC,GRI,,PR,DRIC,1,Item,RH/Lists/EstruturaOrganizacional
01011620000,DEPARTAMENTO DE GESTAO DE RISCOS,RUA BOA VISTA,162,13º ANDAR,CENTRO,SAO PAULO,SP,DRIR,GRI,,PR,DRIR,1,Item,RH/Lists/EstruturaOrganizacional
01015053000,EQUIPE APOIO A GESTAO DE ORCAMENTO,RUA BOA VISTA,162,4º ANDAR,CENTRO,SAO PAULO,SP,DOPC,,,DO,DOPC,1,Item,RH/Lists/EstruturaOrganizacional
01015101000,GESTAO AMBIENTAL,RUA ZUMA DE SA FERNANDES,360,1º ANDAR,PRESIDENTE ALTINO,OSASCO,SP,,,GOM,DO,GOM,1,Item,RH/Lists/EstruturaOrganizacional
01,COMPANHIA PAULISTA TRENS METROPOLITANOS - CPTM,RUA BOA VISTA,185,,CENTRO,SAO PAULO,SP,,,,,,1,Item,RH/Lists/EstruturaOrganizacional
0101,COMPANHIA PAULISTA TRENS METROPOLITANOS - CPTM,RUA BOA VISTA,185,,CENTRO,SAO PAULO,SP,,,,,,1,Item,RH/Lists/EstruturaOrganizacional
01011000000,PRESIDENCIA,RUA BOA VISTA,162,6º ANDAR,CENTRO,SAO PAULO,SP,,,,PR,PR,1,Item,RH/Lists/EstruturaOrganizacional
01011010000,ASSESSORIA PARA ASSUNTOS INSTITUCIONAIS,RUA BOA VISTA,162,6º ANDAR,CENTRO,SAO PAULO,SP,ARA,,,PR,ARA,1,Item,RH/Lists/EstruturaOrganizacional
01011100000,GERENCIA GERAL DE GOVERNANÇA E QUALIDADE EMPRESARIAL,RUA BOA VISTA,162,13º ANDAR,CENTRO,SAO PAULO,SP,,GRE,,PR,GRE,1,Item,RH/Lists/EstruturaOrganizacional
01011200000,GERENCIA JURIDICA,RUA BOA VISTA,162,3º ANDAR,CENTRO,SAO PAULO,SP,,GRJ,,PR,GRJ,1,Item,RH/Lists/EstruturaOrganizacional
01011300000,GERENCIA DE AUDITORIA,RUA BOA VISTA,162,3º ANDAR,CENTRO,SAO PAULO,SP,,GRA,,PR,GRA,1,Item,RH/Lists/EstruturaOrganizacional
01011500000,GERENCIA DE CUSTOS REFERENCIAIS,RUA BOA VISTA,162,5º ANDAR,CENTRO,SAO PAULO,SP,,GRC,,PR,GRC,1,Item,RH/Lists/EstruturaOrganizacional
01011600000,"GERENCIA DE CONFORMIDADE, CONTROLES INTERNOS E GESTAO DE RISCOS",RUA BOA VISTA,162,13º ANDAR,CENTRO,SAO PAULO,SP,,GRI,,PR,GRI,1,Item,RH/Lists/EstruturaOrganizacional
01011700000,GERENCIA DE DESENV ORGAN E REC HUMANOS,RUA BOA VISTA,162,4º ANDAR,CENTRO,SAO PAULO,SP,,GRH,,PR,GRH,1,Item,RH/Lists/EstruturaOrganizacional
01016100000,GERENCIA GERAL DE OPERACAO,PRAÇA AGENTE CICERO,S/N,EST. BRAS,BRAS,SAO PAULO,SP,,,GOO,DO,GOO,1,Item,RH/Lists/EstruturaOrganizacional
01016200000,GERENCIA DE CIRCULACAO E CONTROLE OPERACIONAL,PRAÇA AGENTE CICERO,S/N,CCO/BRAS - 1º ANDAR,BRAS,SAO PAULO,SP,,GOC,GOO,DO,GOC,1,Item,RH/Lists/EstruturaOrganizacional
01019000000,CESSAO,,,,,SAO PAULO,SP,,,,CED,CED,1,Item,RH/Lists/EstruturaOrganizacional
01019002001,CESSAO SECRETARIA TRANSPORTES METROPOLITANOS,RUA BOA VISTA,175,BOA VISTA,CENTRO,SAO PAULO,SP,CED,,,CED,CED,1,Item,RH/Lists/EstruturaOrganizacional
01011762000,NUCLEO DE AVALIACOES AMBIENTAIS/LAUDO E GESTAO DE RISCO,RUA BOA VISTA,170,3º ANDAR,CENTRO,SAO PAULO,SP,DRHR,GRH,,PR,DRHR,1,Item,RH/Lists/EstruturaOrganizacional
01016700000,GERENCIA DE ENGENHARIA DE OPERACAO,PRAÇA AGENTE CICERO,S/N,BRAS - ANTIGO CCO,BRAS,SAO PAULO,SP,,GOG,GOO,DO,GOG,1,Item,RH/Lists/EstruturaOrganizacional
01016210000,DEPTO DE CONTROLE OPERACIONAL,PRAÇA AGENTE CICERO,S/N,CCO/BRAS - 1º ANDAR,BRAS,SAO PAULO,SP,DOCP,GOC,GOO,DO,DOCP,1,Item,RH/Lists/EstruturaOrganizacional
01015433000,EQUIPE SISTEMAS DE ENERGIA,RUA ZUMA DE SA FERNANDES,360,2º ANDAR,PRESIDENTE ALTINO,OSASCO,SP,DOTI,GOT,GOM,DO,DOTI,1,Item,RH/Lists/EstruturaOrganizacional
01015434000,EQUIPE SINALIZACAO E TELECOMUNICACOES,RUA ZUMA DE SA FERNANDES,360,3º ANDAR,PRESIDENTE ALTINO,OSASCO,SP,DOTI,GOT,GOM,DO,DOTI,1,Item,RH/Lists/EstruturaOrganizacional
01016212005,CONTROLE DE TRAFEGO-CCO 8/9,PRAÇA AGENTE CICERO,S/N,CCO/BRAS - TERREO,BRAS,SAO PAULO,SP,DOCP,GOC,GOO,DO,DOCP,1,Item,RH/Lists/EstruturaOrganizacional
01016221000,EQUIPE TRACAO 7/10,PRAÇA DA LUZ,1,PLATAFORMA 4,BOM RETIRO,SAO PAULO,SP,DOC1,GOC,GOO,DO,DOC1,1,Item,RH/Lists/EstruturaOrganizacional
01016221005,MOVIMENTO DE TRENS 7/10-LUZ,PRAÇA DA LUZ,1,PLATAFORMA 4 - SALA 29/30,BOM RETIRO,SAO PAULO,SP,DOC1,GOC,GOO,DO,DOC1,1,Item,RH/Lists/EstruturaOrganizacional
01012000000,DIRETORIA ADMINISTRATIVA E FINANCEIRA,RUA BOA VISTA,162,6º ANDAR,CENTRO,SAO PAULO,SP,,,,DF,DF,1,Item,RH/Lists/EstruturaOrganizacional
01012100000,GERENCIA DE FINANCAS E CONTROLE ORCAMENTARIO,RUA BOA VISTA,175,2º ANDAR - BLOCO B,CENTRO,SAO PAULO,SP,,GFF,,DF,GFF,1,Item,RH/Lists/EstruturaOrganizacional
01012120000,DEPTO DE FINANCAS,RUA BOA VISTA,175,4º ANDAR - BLOCO A,CENTRO,SAO PAULO,SP,DFFA,GFF,,DF,DFFA,1,Item,RH/Lists/EstruturaOrganizacional
01012121000,DEPTO DE FINANCAS-LUZ,PRAÇA DA LUZ,1,EST. LUZ,BOM RETIRO,SAO PAULO,SP,DFFA,GFF,,DF,DFFA,1,Item,RH/Lists/EstruturaOrganizacional
01012200000,GERENCIA DE CONTRATACOES E COMPRAS,RUA BOA VISTA,162,4º ANDAR,CENTRO,SAO PAULO,SP,,GFC,,DF,GFC,1,Item,RH/Lists/EstruturaOrganizacional
01012210000,DEPTO DE CONTRATACOES E COMPRAS,RUA BOA VISTA,175,5º ANDAR - BLOCO A,CENTRO,SAO PAULO,SP,DFCC,GFC,,DF,DFCC,1,Item,RH/Lists/EstruturaOrganizacional
01012220000,DEPTO DE CONTRATAÇÕES E COMPRAS POR MEIO ELETRÔNICO,RUA BOA VISTA,162,4º ANDAR,CENTRO,SAO PAULO,SP,DFCE,GFC,,DF,DFCE,1,Item,RH/Lists/EstruturaOrganizacional
01019002008,CESSAO CIA DO METROPOLITANO DE SAO PAULO,RUA BOA VISTA,175,BOA VISTA,CENTRO,SAO PAULO,SP,CED,,,CED,CED,1,Item,RH/Lists/EstruturaOrganizacional
01019002009,CESSAO EMPRESA METROPOLITANA TRANSP URBANOS,RUA BOA VISTA,175,BOA VISTA,CENTRO,SAO PAULO,SP,CED,,,CED,CED,1,Item,RH/Lists/EstruturaOrganizacional
01019002014,CESSAO CASA CIVIL GOVERNO ESTADO SAO PAULO,RUA BOA VISTA,175,BOA VISTA,CENTRO,SAO PAULO,SP,CED,,,CED,CED,1,Item,RH/Lists/EstruturaOrganizacional
01019004001,CESSAO SIND TRAB EMPRESAS FERROV SAO PAULO,RUA BOA VISTA,175,BOA VISTA,CENTRO,SAO PAULO,SP,CED,,,CED,CED,1,Item,RH/Lists/EstruturaOrganizacional
01019004002,CESSAO SIND TRAB EMPRESAS FERROV ZONA SOROCABANA,RUA BOA VISTA,175,BOA VISTA,CENTRO,SAO PAULO,SP,CED,,,CED,CED,1,Item,RH/Lists/EstruturaOrganizacional
01019005001,LICENCA SEM VENCIMENTOS,RUA BOA VISTA,162,4º ANDAR,CENTRO,SAO PAULO,SP,LICSVENC,,,CED,LICSVENC,1,Item,RH/Lists/EstruturaOrganizacional
01016231000,EQUIPE TRACAO 8/9,RUA MARIO DE ANDRADE,684,EST. BARRA FUNDA,BARRA FUNDA,SAO PAULO,SP,DOC2,GOC,GOO,DO,DOC2,1,Item,RH/Lists/EstruturaOrganizacional
01016300000,GERENCIA DE SEGURANCA,PRAÇA AGENTE CICERO,S/N,1º ANDAR,BRAS,SAO PAULO,SP,,GOS,GOO,DO,GOS,1,Item,RH/Lists/EstruturaOrganizacional
01011210000,DEPTO JURIDICO CONSULTIVO E PREVENTIVO,RUA BOA VISTA,162,3º ANDAR,CENTRO,SAO PAULO,SP,DRJP,GRJ,,PR,DRJP,1,Item,RH/Lists/EstruturaOrganizacional
01016310000,DEPTO DE EFETIVO E LOGISTICA,PRAÇA AGENTE CICERO,S/N,1º ANDAR,BRAS,SAO PAULO,SP,DOSE,GOS,GOO,DO,DOSE,1,Item,RH/Lists/EstruturaOrganizacional
01016320000,DEPTO DE SEGURANCA E VIGILANCIA,PRAÇA AGENTE CICERO,S/N,1º ANDAR,BRAS,SAO PAULO,SP,DOSV,GOS,GOO,DO,DOSV,1,Item,RH/Lists/EstruturaOrganizacional
01016321000,SEGURANCA OPERACIONAL-LINHAS 7/10,RUA MARIO DE ANDRADE,684,EST. BARRA FUNDA,BARRA FUNDA,SAO PAULO,SP,DOSV,GOS,GOO,DO,DOSV,1,Item,RH/Lists/EstruturaOrganizacional
01016322000,SEGURANCA OPERACIONAL-LINHAS 8/9,RUA GENERAL MANOEL AZAMBUJA BRILHANTE,55,SEGURANCA,CENTRO,OSASCO,SP,DOSV,GOS,GOO,DO,DOSV,1,Item,RH/Lists/EstruturaOrganizacional
01016211005,CONTROLE DE TRAFEGO-CCO 7/10,PRAÇA AGENTE CICERO,S/N,CCO/BRAS - TERREO,BRAS,SAO PAULO,SP,DOCP,GOC,GOO,DO,DOCP,1,Item,RH/Lists/EstruturaOrganizacional
01016720000,DEPTO DE ENGENHARIA DE ESTACOES E COMUNICACAO,PRAÇA AGENTE CICERO,S/N,BRAS - ANTIGO CCO,BRAS,SAO PAULO,SP,DOGC,GOG,GOO,DO,DOGC,1,Item,RH/Lists/EstruturaOrganizacional
01016723000,EQUIPE COMUNICACAO VISUAL,PRAÇA AGENTE CICERO,S/N,BRAS - ANTIGO CCO,BRAS,SAO PAULO,SP,DOGC,GOG,GOO,DO,DOGC,1,Item,RH/Lists/EstruturaOrganizacional
01012324000,GESTAO DE UNIFORMES,AV RAIMUNDO PEREIRA DE MAGALHÃES,200,LAPA,VILA ANASTACIO,SAO PAULO,SP,,GFC,,DF,GFC,1,Item,RH/Lists/EstruturaOrganizacional
01012400000,GERENCIA ADMINISTRATIVA,AV RAIMUNDO PEREIRA DE MAGALHÃES,200,LAPA,VILA ANASTACIO,SAO PAULO,SP,,GFA,,DF,GFA,1,Item,RH/Lists/EstruturaOrganizacional
01012420000,DEPTO DE SERV ADMINISTRATIVOS,AV RAIMUNDO PEREIRA DE MAGALHÃES,200,LAPA,VILA ANASTACIO,SAO PAULO,SP,DFAS,GFA,,DF,DFAS,1,Item,RH/Lists/EstruturaOrganizacional
01012500000,GERENCIA DE TECNOL DA INFORMACAO,RUA BOA VISTA,162,5º ANDAR,CENTRO,SAO PAULO,SP,,GFI,,DF,GFI,1,Item,RH/Lists/EstruturaOrganizacional
01013000000,DIRETORIA DE PLANEJAMENTO E NOVOS NEGOCIOS,RUA BOA VISTA,162,6º ANDAR,CENTRO,SAO PAULO,SP,,,,DP,DP,1,Item,RH/Lists/EstruturaOrganizacional
01014000000,"DIRETORIA DE ENGENHARIA, OBRAS E MEIO AMBIENTE",RUA BOA VISTA,162,6º ANDAR,CENTRO,SAO PAULO,SP,,,,DE,DE,1,Item,RH/Lists/EstruturaOrganizacional
01014200000,GERENCIA DE OBRAS CIVIS - MODERNIZACAO,RUA MAUÁ,147 - A,LUZ,LUZ,SAO PAULO,SP,,GEO,,DE,GEO,1,Item,RH/Lists/EstruturaOrganizacional
01014300000,GERENCIA DE EMPREENDIMENTOS - EXPANSAO LINHA 9,RUA BOA VISTA,175,7º ANDAR - BLOCO A,CENTRO,SAO PAULO,SP,,GED,,DE,GED,1,Item,RH/Lists/EstruturaOrganizacional
01015100000,GERENCIA GERAL DE MANUTENCAO,PRAÇA AGENTE CICERO,S/N,1º ANDAR - SALA 9,BRAS,SAO PAULO,SP,,,GOM,DO,GOM,1,Item,RH/Lists/EstruturaOrganizacional
01016311000,"EQUIPE TECNOLOGIA , CONTROLE E ESTRAT OPERAC",PRAÇA AGENTE CICERO,S/N,1º ANDAR,BRAS,SAO PAULO,SP,DOSE,GOS,GOO,DO,DOSE,1,Item,RH/Lists/EstruturaOrganizacional
01016321100,EQUIPE SEGURANCA - LINHA 7,RUA MARIO DE ANDRADE,684,EST. BARRA FUNDA,BARRA FUNDA,SAO PAULO,SP,DOSV,GOS,GOO,DO,DOSV,1,Item,RH/Lists/EstruturaOrganizacional
01016102000,EQUIPE INSPECAO TEC OPERACIONAL,RUA ZUMA DE SA FERNANDES,360,1º ANDAR,PRESIDENTE ALTINO,OSASCO,SP,,,GOO,DO,GOO,1,Item,RH/Lists/EstruturaOrganizacional
01011040000,ASSESSORIA DE GESTAO ESTRATEGICA EMPRESARIAL,RUA BOA VISTA,175,8º ANDAR - BLOCO A,CENTRO,SAO PAULO,SP,ARE,,,PR,ARE,1,Item,RH/Lists/EstruturaOrganizacional
01015360011,ABRIGO ENG SP-FISCALIZACAO E CONTROLE,RUA BRESSER,1933A,OFICINA ENG. SAO PAULO,MOOCA,SAO PAULO,SP,DORE,GOR,GOM,DO,DORE,1,Item,RH/Lists/EstruturaOrganizacional
01015373005,EQUIPAMENTOS POTENCIA CAIXAS E COMPONENTES ELETR,RUA GENERAL MANOEL DE AZAMBUJA BRILHANTE,55,OFICINA PRESID. ALTINO,CENTRO,OSASCO,SP,DORO,GOR,GOM,DO,DORO,1,Item,RH/Lists/EstruturaOrganizacional
01015401000,EQUIPE DE CONTROLE DE INFORMACOES DA MANUTENCAO,RUA ZUMA DE SA FERNANDES,360,3º ANDAR,PRESIDENTE ALTINO,OSASCO,SP,,GOT,GOM,DO,GOT,1,Item,RH/Lists/EstruturaOrganizacional
01019999998,PESSOAL FRENTE DE TRABALHO,RUA MARIO DE ANDRADE,06,EST B FUNDA/ATEND USUÁRIO,BARRA FUNDA,SAO PAULO,SP,,,,,,1,Item,RH/Lists/EstruturaOrganizacional
01019999999,PESSOAL DESATIVADO,,,,,SAO PAULO,SP,,,,CED,CED,1,Item,RH/Lists/EstruturaOrganizacional
01019999996,PESSOAL FUNAP,RUA MARIO ANDRADE,06,EST B FUNDA/ATEND USUARIO,BARRA FUNDA,SAO PAULO,,,,,,,1,Item,RH/Lists/EstruturaOrganizacional
01019999997,PESSOAL FRENTE DE TRABALHO - BOLSISTA,RUA MARIO DE ANDRADE,06,EST B FUNDA/ATEND USUARIO,BARRA FUNDA,SAO PAULO,SP,,,,,,1,Item,RH/Lists/EstruturaOrganizacional
01013100000,GERENCIA DE PLANEJAMENTO DE TRANSPORTES,RUA BOA VISTA,175,8º ANDAR - BLOCO A,CENTRO,SAO PAULO,SP,,GPT,,DP,GPT,1,Item,RH/Lists/EstruturaOrganizacional
01019004003,CESSAO SIND TRAB EMPRESAS FERROV ZONA CENTRAL DO BRASIL,RUA BOA VISTA,175,BOA VISTA,CENTRO,SAO PAULO,SP,CED,,,CED,CED,1,Item,RH/Lists/EstruturaOrganizacional
01015710000,DEPARTAMENTO DE ALMOXARIFADOS,AV RAIMUNDO PEREIRA DE MAGALHÃES,200,LAPA,VILA ANASTÁCIO,SAO PAULO,SP,DOLA,GOL,GOM,DO,DOLA,1,Item,RH/Lists/EstruturaOrganizacional
01015711000,EQUIPE DE ALMOXARIFADO - LAPA,AV RAIMUNDO PEREIRA DE MAGALHÃES,200,LAPA,VILA ANASTÁCIO,SAO PAULO,SP,DOLA,GOL,GOM,DO,DOLA,1,Item,RH/Lists/EstruturaOrganizacional
01015721000,EQUIPE DE CADASTRO,AV RAIMUNDO PEREIRA DE MAGALHÃES,200,LAPA,VILA ANASTÁCIO,SAO PAULO,SP,DOLM,GOL,GOM,DO,DOLM,1,Item,RH/Lists/EstruturaOrganizacional
01015722000,EQUIPE DE CONTRATOS,AV RAIMUNDO PEREIRA DE MAGALHÃES,200,LAPA,VILA ANASTÁCIO,SAO PAULO,SP,DOLM,GOL,GOM,DO,DOLM,1,Item,RH/Lists/EstruturaOrganizacional
01015725000,EQUIPE DE MATERIAIS,AV RAIMUNDO PEREIRA DE MAGALHÃES,200,LAPA,VILA ANASTÁCIO,SAO PAULO,SP,DOLM,GOL,GOM,DO,DOLM,1,Item,RH/Lists/EstruturaOrganizacional
01016230000,DEPTO DE CIRCULACAO-LINHAS 8/9,PRAÇA DA LUZ,1,PLATAFORMA 4 - CCO LUZ,LUZ,SAO PAULO,SP,DOC2,GOC,GOO,DO,DOC2,1,Item,RH/Lists/EstruturaOrganizacional
01014500000,GERENCIA DE EMPREENDIMENTOS - SISTEMAS,RUA BOA VISTA,175,7º ANDAR - BLOCO A,CENTRO,SAO PAULO,SP,,GET,,DE,GET,1,Item,RH/Lists/EstruturaOrganizacional
01015402000,EQUIPE DE MAQUINAS E EQUIPAMENTOS,RUA ZUMA DE SA FERNANDES,360,3º ANDAR,PRESIDENTE ALTINO,OSASCO,SP,,GOT,GOM,DO,GOT,1,Item,RH/Lists/EstruturaOrganizacional
01015430000,DEPTO DE ENG DE MANUT INST FIXAS,RUA ZUMA DE SA FERNANDES,360,3º ANDAR,PRESIDENTE ALTINO,OSASCO,SP,DOTI,GOT,GOM,DO,DOTI,1,Item,RH/Lists/EstruturaOrganizacional
01015300000,GERENCIA DE MANUTENCAO DE MATERIAL RODANTE,RUA ZUMA DE SA FERNANDES,360,4º ANDAR,PRESIDENTE ALTINO,OSASCO,SP,,GOR,GOM,DO,GOR,1,Item,RH/Lists/EstruturaOrganizacional
01011030000,ASSESSORIA DE CONCESSOES E PARCERIAS,RUA BOA VISTA,162,13º ANDAR,CENTRO,SAO PAULO,SP,ARC,,,PR,ARC,1,Item,RH/Lists/EstruturaOrganizacional
01015340015,ABRIGO LAPA MANOBRAS LAPA,AV RAIMUNDO PEREIRA DE MAGALHÃES,200,OFICINA LAPA,VILA ANASTACIO,SAO PAULO,SP,DORA,GOR,GOM,DO,DORA,1,Item,RH/Lists/EstruturaOrganizacional
01015340030,ABRIGO LAPA SOLDA,AV RAIMUNDO PEREIRA DE MAGALHÃES,200,OFICINA LAPA,VILA ANASTACIO,SAO PAULO,SP,DORA,GOR,GOM,DO,DORA,1,Item,RH/Lists/EstruturaOrganizacional
01015340035,OFICINA LUZ ELEVADORES,RUA JOSÉ PAULINO,7,OFICINA LUZ,BOM RETIRO,SAO PAULO,SP,DORA,GOR,GOM,DO,DORA,1,Item,RH/Lists/EstruturaOrganizacional
01015350005,ABRIGO PRES ALTINO PREVENTIVA,RUA GENERAL MANOEL AZAMBUJA BRILHANTE,55,OFICINA PRESID. ALTINO,CENTRO,OSASCO,SP,DORB,GOR,GOM,DO,DORB,1,Item,RH/Lists/EstruturaOrganizacional
01015350010,ABRIGO PRES ALTINO - FISCALIZACAO E QUALIDADE NOTURNA,RUA GENERAL MANOEL DE AZAMBUJA BRILHANTE,55,OFICINA PRESID. ALTINO,CENTRO,OSASCO,SP,DORB,GOR,GOM,DO,DORB,1,Item,RH/Lists/EstruturaOrganizacional
01015350015,ABRIGO PRES ALTINO - MANUTENCAO DE TRENS,RUA GENERAL MANOEL DE AZAMBUJA BRILHANTE,55,OFICINA PRESID. ALTINO,CENTRO,OSASCO,SP,DORB,GOR,GOM,DO,DORB,1,Item,RH/Lists/EstruturaOrganizacional
01015350020,ABRIGO PRES ALTINO - APOIO E MANOBRAS,RUA GENERAL MANOEL DE AZAMBUJA BRILHANTE,55,OFICINA PRESID. ALTINO,CENTRO,OSASCO,SP,DORB,GOR,GOM,DO,DORB,1,Item,RH/Lists/EstruturaOrganizacional
01015360000,DEPTO DE MANUT MAT RODANTE - ENG S PAULO,RUA BRESSER,1933A,OFICINA ENG. SAO PAULO,MOOCA,SAO PAULO,SP,DORE,GOR,GOM,DO,DORE,1,Item,RH/Lists/EstruturaOrganizacional
01011060000,OUVIDORIA,RUA BOA VISTA,162,5º ANDAR,CENTRO,SAO PAULO,SP,DROV,,,PR,DROV,1,Item,RH/Lists/EstruturaOrganizacional
01016221006,MOVIMENTO DE TRENS 7/10-FCO MORATO,RUA JERONIMO CAETANO GARCIA,S/N,PLATAFORMA 1,CENTRO,FRANCISCO MORATO,SP,DOC1,GOC,GOO,DO,DOC1,1,Item,RH/Lists/EstruturaOrganizacional
01015350030,ABRIGO PRES ALTINO - FISCALIZACAO E QUALIDADE,RUA GENERAL MANOEL DE AZAMBUJA BRILHANTE,55,OFICINA PRESID. ALTINO,CENTRO,OSASCO,SP,DORB,GOR,GOM,DO,DORB,1,Item,RH/Lists/EstruturaOrganizacional
01016311005,CENTRAL DE MONITORAMENTO DA SEGURANÇA,PRAÇA AGENTE CICERO,S/N,PREDIO NOVO CCO,BRAS,SAO PAULO,SP,DOSE,GOS,GOO,DO,DOSE,1,Item,RH/Lists/EstruturaOrganizacional
01016320005,SERVICO DE INTELIGENCIA INTEGRADO,PRAÇA DA LUZ,1,PLATAFORMA 4 - SALA 20,LUZ,SAO PAULO,SP,DOSV,GOS,GOO,DO,DOSV,1,Item,RH/Lists/EstruturaOrganizacional
01016321105,GRUPAMENTO LINHA 7- BARRA FUNDA,RUA MARIO DE ANDRADE,684,EST. BARRA FUNDA,BARRA FUNDA,SAO PAULO,SP,DOSV,GOS,GOO,DO,DOSV,1,Item,RH/Lists/EstruturaOrganizacional
01016321110,GRUPAMENTO LINHA 7-FRANCISCO MORATO,RUA GERÔNIMO CAETANO GARCIA,350,BASE FRANCISCO MORATO,CENTRO,FRANCISCO MORATO,SP,DOSV,GOS,GOO,DO,DOSV,1,Item,RH/Lists/EstruturaOrganizacional
01016321205,GRUPAMENTO LINHA 10-TAMANDUATEI,RUA VEMAG,1000,EST. TAMANDUATEI,IPIRANGA,SAO PAULO,SP,DOSV,GOS,GOO,DO,DOSV,1,Item,RH/Lists/EstruturaOrganizacional
01016322100,EQUIPE SEGURANCA - LINHA 8,RUA GENERAL MANOEL DE AZAMBUJA BRILHANTE,55,PRESID. ALTINO,CENTRO,OSASCO,SP,DOSV,GOS,GOO,DO,DOSV,1,Item,RH/Lists/EstruturaOrganizacional
01016322105,GRUPAMENTO LINHA 8- JULIO PRESTES,PRAÇA JULIO PRESTES,148,BASE JULIO PRESTES,BOM RETIRO,SAO PAULO,SP,DOSV,GOS,GOO,DO,DOSV,1,Item,RH/Lists/EstruturaOrganizacional
01016322110,GRUPAMENTO LINHA 8-PRES ALTINO,RUA ABILIO MENDES,8,BASE PRESID. ALTINO,PRESIDENTE ALTINO,OSASCO,SP,DOSV,GOS,GOO,DO,DOSV,1,Item,RH/Lists/EstruturaOrganizacional
01016322115,GRUPAMENTO LINHA 8- CARAPICUIBA,RUA MAX ZENDRON,S/N,BASE CARAPICUIBA,CENTRO,CARAPICUIBA,SP,DOSV,GOS,GOO,DO,DOSV,1,Item,RH/Lists/EstruturaOrganizacional
01016322200,EQUIPE SEGURANCA - LINHA 9,RUA GENERAL MANOEL DE AZAMBUJA BRILHANTE,55,PRESID. ALTINO,CENTRO,OSASCO,SP,DOSV,GOS,GOO,DO,DOSV,1,Item,RH/Lists/EstruturaOrganizacional
01016322210,GRUPAMENTO LINHA 9-GRANJA JULIETA,RUA ALEXANDRE DUMAS,4403,BASE GRANJA JULIETA,CHACARA SANTO ANTONIO,SAO PAULO,SP,DOSV,GOS,GOO,DO,DOSV,1,Item,RH/Lists/EstruturaOrganizacional
01016311015,INSPECAO TECNICA,PRAÇA AGENTE CICERO,S/N,1º ANDAR,BRAS,SAO PAULO,SP,DOSE,GOS,GOO,DO,DOSE,1,Item,RH/Lists/EstruturaOrganizacional
01013400000,GERENCIA DE NOVOS NEGOCIOS,RUA BOA VISTA,162,5º ANDAR,CENTRO,SAO PAULO,SP,,GPN,,DP,GPN,1,Item,RH/Lists/EstruturaOrganizacional
01014800000,GERENCIA DE OBRAS CIVIS-MODERNIZACAO LESTE,RUA BOA VISTA,175,8º ANDAR - BLOCO A,CENTRO,SAO PAULO,SP,,GEL,,DE,GEL,1,Item,RH/Lists/EstruturaOrganizacional
01016700001,EQUIPE DE PESQUISA,PRAÇA AGENTE CICERO,S/N,BRAS - ANTIGO CCO,BRAS,SAO PAULO,SP,,GOG,GOO,DO,GOG,1,Item,RH/Lists/EstruturaOrganizacional
01015373065,PINTURA E FIBRA APARENCIA GERAL,RUA GENERAL MANOEL DE AZAMBUJA BRILHANTE,55,OFICINA PRESID. ALTINO,CENTRO,OSASCO,SP,DORO,GOR,GOM,DO,DORO,1,Item,RH/Lists/EstruturaOrganizacional
01016250005,LAVADOR DE CARROS BARRA FUNDA-7/10,RUA CAPITÃO MOR GONÇALO MONTEIRO,66A,EST. BARRA FUNDA,BARRA FUNDA,SAO PAULO,SP,DOCT,GOC,GOO,DO,DOCT,1,Item,RH/Lists/EstruturaOrganizacional
01016250010,LAVADOR DE CARROS PRES ALTINO-8/9,RUA ZUMA DE SA FERNANDES,366,PRESID. ALTINO,PRESIDENTE ALTINO,OSASCO,SP,DOCT,GOC,GOO,DO,DOCT,1,Item,RH/Lists/EstruturaOrganizacional
01011760000,DEPTO DE SEGURANCA DO TRABALHO E RELACOES SINDICAIS,RUA BOA VISTA,170,3º ANDAR,CENTRO,SAO PAULO,SP,DRHR,GRH,,PR,DRHR,1,Item,RH/Lists/EstruturaOrganizacional
01012410001,LOGISTICA ADM-B VISTA,RUA BOA VISTA,175,2º ANDAR,CENTRO,SAO PAULO,SP,DFAL,GFA,,DF,DFAL,1,Item,RH/Lists/EstruturaOrganizacional
01012410004,EXPEDIÇÃO - PRES ALTINO,RUA ZUMA DE SA FERNANDES,360,PRESID. ALTINO,PRESIDENTE ALTINO,OSASCO,SP,DFAL,GFA,,DF,DFAL,1,Item,RH/Lists/EstruturaOrganizacional
01012410005,LOGISTICA ADM-RODOVIARIO - PRES ALT,RUA ZUMA DE SA FERNANDES,360,PRESID. ALTINO,PRESIDENTE ALTINO,OSASCO,SP,DFAL,GFA,,DF,DFAL,1,Item,RH/Lists/EstruturaOrganizacional
01012411000,ARQUIVO ADMINISTRATIVO - LAPA,AV RAIMUNDO PEREIRA DE MAGALHÃES,200,LAPA,VILA ANASTACIO,SAO PAULO,SP,DFAL,GFA,,DF,DFAL,1,Item,RH/Lists/EstruturaOrganizacional
01012421000,SERV ADM-CONTAS PUBLICAS,AV RAIMUNDO PEREIRA DE MAGALHÃES,200,LAPA,VILA ANASTACIO,SAO PAULO,SP,DFAS,GFA,,DF,DFAS,1,Item,RH/Lists/EstruturaOrganizacional
01012422000,SERV ADM-CONTRATOS,AV RAIMUNDO PEREIRA DE MAGALHÃES,200,LAPA,VILA ANASTACIO,SAO PAULO,SP,DFAS,GFA,,DF,DFAS,1,Item,RH/Lists/EstruturaOrganizacional
01015375010,EQUIPAMENTOS ELETROMECANICOS LABORATORIO,AV RAIMUNDO PEREIRA DE MAGALHÃES,200,OFICINA LAPA,VILA ANASTACIO,SAO PAULO,SP,DORO,GOR,GOM,DO,DORO,1,Item,RH/Lists/EstruturaOrganizacional
01015375015,TRUQUES LAPA,AV RAIMUNDO PEREIRA DE MAGALHÃES,200,OFICINA LAPA,VILA ANASTACIO,SAO PAULO,SP,DORO,GOR,GOM,DO,DORO,1,Item,RH/Lists/EstruturaOrganizacional
01015375025,MANUTENCAO  INDUSTRIAL ELETRICA-LAPA,AV RAIMUNDO PEREIRA DE MAGALHÃES,200,OFICINA LAPA,VILA ANASTACIO,SAO PAULO,SP,DORO,GOR,GOM,DO,DORO,1,Item,RH/Lists/EstruturaOrganizacional
01015375030,MANUTENCAO  EQUIPAMENTOS MOVEIS,AV RAIMUNDO PEREIRA DE MAGALHÃES,200,OFICINA LAPA,VILA ANASTACIO,SAO PAULO,SP,DORO,GOR,GOM,DO,DORO,1,Item,RH/Lists/EstruturaOrganizacional
01015375035,RODEIROS LAPA,AV RAIMUNDO PEREIRA DE MAGALHÃES,200,OFICINA LAPA,VILA ANASTACIO,SAO PAULO,SP,DORO,GOR,GOM,DO,DORO,1,Item,RH/Lists/EstruturaOrganizacional
01012510000,DEPARTAMENTO DE DESENVOLVIMENTO E APLICACAO DE SISTEMAS,RUA BOA VISTA,162,5º ANDAR,CENTRO,SAO PAULO,SP,DFIS,GFI,,DF,DFIS,1,Item,RH/Lists/EstruturaOrganizacional
01012520000,DEPARTAMENTO DE OPERACAO DE TI,RUA ZUMA DE SA FERNANDES,360,4º ANDAR,PRESIDENTE ALTINO,OSASCO,SP,DFIO,GFI,,DF,DFIO,1,Item,RH/Lists/EstruturaOrganizacional
01012530000,DEPARTAMENTO DE SUPORTE DE MANUTENCAO,RUA ZUMA DE SA FERNANDES,360,4º ANDAR,PRESIDENTE ALTINO,OSASCO,SP,DFIM,GFI,,DF,DFIM,1,Item,RH/Lists/EstruturaOrganizacional
01013500000,GERENCIA DE PROJETOS E ESPECIFICACOES DE SISTEMAS,RUA BOA VISTA,175,8º ANDAR - BLOCO A,CENTRO,SAO PAULO,SP,,GPS,,DP,GPS,1,Item,RH/Lists/EstruturaOrganizacional
01013520000,DEPARTAMENTO DE PROJETOS DE SINAL TELEC E EQUIPAMENTOS,RUA BOA VISTA,175,8º ANDAR - BLOCO A,CENTRO,SAO PAULO,SP,DPST,GPS,,DP,DPST,1,Item,RH/Lists/EstruturaOrganizacional
01013110000,DEPTO DE PLANEJAMENTO DE TRANSPORTE,RUA BOA VISTA,175,8º ANDAR - BLOCO A,CENTRO,SAO PAULO,SP,DPTT,GPT,,DP,DPTT,1,Item,RH/Lists/EstruturaOrganizacional
01013210000,DEPTO DE PROJETOS DE INFRAESTRUTURA,RUA BOA VISTA,175,6º ANDAR - BLOCO A,CENTRO,SAO PAULO,SP,DPPI,GPT,,DP,DPPI,1,Item,RH/Lists/EstruturaOrganizacional
01011706000,EQUIPE DE PROCESSOS ORGANIZACIONAIS,RUA BOA VISTA,162,4º ANDAR,CENTRO,SAO PAULO,SP,,GRH,,PR,GRH,1,Item,RH/Lists/EstruturaOrganizacional
01016231005,MOVIMENTO DE TRENS 8/9-BARRA FUNDA,RUA MARIO DE ANDRADE,684,MEZANINO PLAT 2/3-B FUNDA,BARRA FUNDA,SAO PAULO,SP,DOC2,GOC,GOO,DO,DOC2,1,Item,RH/Lists/EstruturaOrganizacional
01016231006,MOVIMENTO DE TRENS 8/9-OSASCO,PRAÇA ANTONIO MENCK,S/N,EST. OSASCO - MEZANINO,CENTRO,OSASCO,SP,DOC2,GOC,GOO,DO,DOC2,1,Item,RH/Lists/EstruturaOrganizacional
01015000001,ASSESSORIA TECNICA-DO,RUA BOA VISTA,162,6º ANDAR,CENTRO,SAO PAULO,SP,,,,DO,DO,1,Item,RH/Lists/EstruturaOrganizacional
01012413000,GESTAO DE DOCUMENTOS,RUA BOA VISTA,185,2º ANDAR,CENTRO,SAO PAULO,SP,DFAL,GFA,,DF,DFAL,1,Item,RH/Lists/EstruturaOrganizacional
01019999995,DMR P ALTINO,RUA BOA VISTA,185,,CENTRO,SAO PAULO,SP,,,,,,1,Item,RH/Lists/EstruturaOrganizacional
01015375020,MANUTENCAO  INDUSTRIAL MECANICA-LAPA,AV RAIMUNDO PEREIRA DE MAGALHÃES,200,OFICINA LAPA,VILA ANASTACIO,SAO PAULO,SP,DORO,GOR,GOM,DO,DORO,1,Item,RH/Lists/EstruturaOrganizacional
01015340026,ABRIGO LAPA PREVENTIVA ELETRICA MECANICA NOTURNO,AV RAIMUNDO PEREIRA DE MAGALHÃES,200,OFICINA LAPA,VILA ANASTACIO,SAO PAULO,SP,DORA,GOR,GOM,DO,DORA,1,Item,RH/Lists/EstruturaOrganizacional
01011410000,DEPARTAMENTO DE MARKETING,RUA BOA VISTA,162,5º ANDAR,CENTRO,SAO PAULO,SP,DRMK,GRM,,PR,DRMK,1,Item,RH/Lists/EstruturaOrganizacional
01015301000,EQUIPE DE GESTAO E DESENVOLVIMENTO,RUA JOSÉ PAULINO,7,OFICINA LUZ,BOM RETIRO,SAO PAULO,SP,,GOR,GOM,DO,GOR,1,Item,RH/Lists/EstruturaOrganizacional
01015302000,EQUIPE PLANEJAMENTO E CONTROLE,RUA ZUMA DE SA FERNANDES,360,2º ANDAR,PRESIDENTE ALTINO,OSASCO,SP,,GOR,GOM,DO,GOR,1,Item,RH/Lists/EstruturaOrganizacional
01014100000,GERENCIA DE PROJETOS,RUA BOA VISTA,162,3º ANDAR,CENTRO,SAO PAULO,SP,,GEP,,DE,GEP,1,Item,RH/Lists/EstruturaOrganizacional
01014400000,GERENCIA DE MEIO AMBIENTE,RUA BOA VISTA,162,5º ANDAR,CENTRO,SAO PAULO,SP,,GEA,,DE,GEA,1,Item,RH/Lists/EstruturaOrganizacional
01015214020,OFICINA DE SINALIZACAO,AV RAIMUNDO PEREIRA DE MAGALHÃES,200,LAPA,VILA ANASTACIO,SAO PAULO,SP,,,GOM,DO,GOM,1,Item,RH/Lists/EstruturaOrganizacional
01016220000,DEPTO DE CIRCULACAO-LINHAS 7/10,PRAÇA DA LUZ,1,PLATAFORMA 4 - CCO LUZ,LUZ,SAO PAULO,SP,DOC1,GOC,GOO,DO,DOC1,1,Item,RH/Lists/EstruturaOrganizacional
01016321200,EQUIPE SEGURANCA - LINHA 10,RUA MARIO DE ANDRADE,684,EST. BARRA FUNDA,BARRA FUNDA,SAO PAULO,SP,DOSV,GOS,GOO,DO,DOSV,1,Item,RH/Lists/EstruturaOrganizacional
01016322205,GRUPAMENTO LINHA 9- PINHEIROS,RUA CAPRI,146,EST. PINHEIROS,ALTO DE PINHEIROS,SAO PAULO,SP,DOSV,GOS,GOO,DO,DOSV,1,Item,RH/Lists/EstruturaOrganizacional
01016710000,DEPTO DE ENGENHARIA DE SISTEMAS E EQUIPAMENTOS,PRAÇA AGENTE CICERO,S/N,BRAS - ANTIGO CCO,BRAS,SAO PAULO,SP,DOGI,GOG,GOO,DO,DOGI,1,Item,RH/Lists/EstruturaOrganizacional
01016730000,DEPTO DE ENGENHARIA DE BILHETAGEM E ENERGIA ELETRICA,PRAÇA AGENTE CICERO,S/N,BRAS - ANTIGO CCO,BRAS,SAO PAULO,SP,DOGB,GOG,GOO,DO,DOGB,1,Item,RH/Lists/EstruturaOrganizacional
01012410000,DEPTO DE LOGISTICA ADMINISTRATIVA,AV RAIMUNDO PEREIRA DE MAGALHÃES,200,LAPA,VILA ANASTACIO,SAO PAULO,SP,DFAL,GFA,,DF,DFAL,1,Item,RH/Lists/EstruturaOrganizacional
01012411001,ARQUIVO TÉCNICO - PRES ALT,RUA ZUMA DE SA FERNANDES,360,PRESID. ALTINO,PRESIDENTE ALTINO,OSASCO,SP,DFAL,GFA,,DF,DFAL,1,Item,RH/Lists/EstruturaOrganizacional
01013220000,DEPTO DE PROJETOS E EDIFICACOES,RUA BOA VISTA,175,6º ANDAR - BLOCO A,CENTRO,SAO PAULO,SP,DPPE,GPT,,DP,DPPE,1,Item,RH/Lists/EstruturaOrganizacional
01013300000,GERENCIA DO TERRITORIO E MEIO AMBIENTE,RUA BOA VISTA,175,3º e 4º ANDARES,CENTRO,SAO PAULO,SP,,GPA,,DP,GPA,1,Item,RH/Lists/EstruturaOrganizacional
01016726000,EQUIPE DE ACESSIBILIDADE,PRAÇA AGENTE CICERO,S/N,BRAS - ANTIGO CCO,BRAS,SAO PAULO,SP,DOGC,GOG,GOO,DO,DOGC,1,Item,RH/Lists/EstruturaOrganizacional
01012423000,SERV ADM-BOA VISTA,RUA BOA VISTA,175,2º ANDAR - BLOCO B,CENTRO,SAO PAULO,SP,DFAS,GFA,,DF,DFAS,1,Item,RH/Lists/EstruturaOrganizacional
01015375021,MANUTENCAO INDUSTRIAL MECANICA-PRES ALTINO,RUA GENERAL MANOEL DE AZAMBUJA BRILHANTE,55,OFICINA PRESID. ALTINO,PRESIDENTE ALTINO,OSASCO,SP,DORO,GOR,GOM,DO,DORO,1,Item,RH/Lists/EstruturaOrganizacional
01015375026,MANUTENCAO INDUSTRIAL ELETRICA-PRES ALTINO,RUA GENERAL MANOEL DE AZAMBUJA BRILHANTE,55,OFICINA PRESID. ALTINO,PRESIDENTE ALTINO,OSASCO,SP,DORO,GOR,GOM,DO,DORO,1,Item,RH/Lists/EstruturaOrganizacional
01016322120,GRUPAMENTO LINHA 8-JANDIRA,AV JOAO BALHESTEIRO,50,EST. JANDIRA,CENTRO,JANDIRA,SP,DOSV,GOS,GOO,DO,DOSV,1,Item,RH/Lists/EstruturaOrganizacional
01016700002,EQUIPE DE INFORMAÇÃO E QUALIDADE,PRAÇA AGENTE CICERO,S/N,BRAS - ANTIGO CCO,BRAS,SAO PAULO,SP,,GOG,GOO,DO,GOG,1,Item,RH/Lists/EstruturaOrganizacional
01016729000,EQ DE PROJ E PROC DE INFRA ESTRUTURAS DE ESTACOES,PRAÇA AGENTE CICERO,S/N,BRAS - ANTIGO CCO,BRAS,SAO PAULO,SP,DOGC,GOG,GOO,DO,DOGC,1,Item,RH/Lists/EstruturaOrganizacional
01016732000,EQUIPE DE GESTAO DE ENERGIA ELETRICA,PRAÇA AGENTE CICERO,S/N,BRAS - ANTIGO CCO,BRAS,SAO PAULO,SP,DOGB,GOG,GOO,DO,DOGB,1,Item,RH/Lists/EstruturaOrganizacional
01016733000,EQUIPE DE BILHETAGEM E EQPTOS AUD DE ESTACOES,PRAÇA AGENTE CICERO,S/N,BRAS - ANTIGO CCO,BRAS,SAO PAULO,SP,DOGB,GOG,GOO,DO,DOGB,1,Item,RH/Lists/EstruturaOrganizacional
01012720000,DEPTO DE CONTABILIDADE E CUSTOS,RUA BOA VISTA,170,3º ANDAR - BLOCO 5,CENTRO,SAO PAULO,SP,DFSC,GFS,,DF,DFSC,1,Item,RH/Lists/EstruturaOrganizacional
01015522075,SUBESTACAO CALMON VIANA,RUA HERCULANO DUARTE RIBAS,612,CALMON VIANA,CALMOM VIANA,POA,SP,DOFE,GOF,GOM,DO,DOFE,1,Item,RH/Lists/EstruturaOrganizacional
01015612010,PRODUCAO DE COMPONENTES E SOLDAGENS TRILHOS-PIRITUBA,AV RAIMUNDO PEREIRA DE MAGALHÃES,200,LAPA,VILA ANASTACIO,SAO PAULO,SP,,GOV,GOM,DO,GOV,1,Item,RH/Lists/EstruturaOrganizacional
01015340041,ABRIGO LAPA-FISCALIZAÇÃO LUZ,RUA JOSÉ PAULINO,7,OFICINA LUZ,BOM RETIRO,SAO PAULO,SP,DORA,GOR,GOM,DO,DORA,1,Item,RH/Lists/EstruturaOrganizacional
01015375027,MANUTENCAO INDUSTRIAL ELETRICA-BRÁS,RUA DR ALMEIDA LIMA,652,EST. BRAS,BRAS,SAO PAULO,SP,DORO,GOR,GOM,DO,DORO,1,Item,RH/Lists/EstruturaOrganizacional
01011708001,GERÊNCIA DE DESENV ORGAN E REC HUMANOS/METRÔ,RUA BOA VISTA,162,4º ANDAR,CENTRO,SAO PAULO,SP,,GRH,,PR,GRH,1,Item,RH/Lists/EstruturaOrganizacional
01011708003,TRAMITACAO DE CESSAO/SEC HABITACAO,RUA BOA VISTA,162,4º ANDAR,CENTRO,SAO PAULO,SP,,,,,,1,Item,RH/Lists/EstruturaOrganizacional
01011708004,GERÊNCIA DE DESENV ORGAN E REC HUMANOS/STM,RUA BOA VISTA,162,4º ANDAR,CENTRO,SAO PAULO,SP,,GRH,,PR,GRH,1,Item,RH/Lists/EstruturaOrganizacional
01016250000,DEPTO DE ESTRATEGIAS OPERACIONAIS,PRAÇA AGENTE CICERO,S/N,EST. BRAS,BRAS,SAO PAULO,SP,DOCT,GOC,GOO,DO,DOCT,1,Item,RH/Lists/EstruturaOrganizacional
01012110000,DEPTO DE CONTROLE E ORCAMENTO,RUA BOA VISTA,175,2º ANDAR - BLOCO B,CENTRO,SAO PAULO,SP,DFFO,GFF,,DF,DFFO,1,Item,RH/Lists/EstruturaOrganizacional
01012520005,DEPARTAMENTO DE OPERACAO DE TI-B VISTA,RUA BOA VISTA,162,5º ANDAR,CENTRO,SAO PAULO,SP,DFIO,GFI,,DF,DFIO,1,Item,RH/Lists/EstruturaOrganizacional
01015000000,DIRETORIA DE OPERACAO E MANUTENCAO,RUA BOA VISTA,162,6º ANDAR,CENTRO,SAO PAULO,SP,,,,DO,DO,1,Item,RH/Lists/EstruturaOrganizacional
01015052000,EQUIPE APOIO A GESTAO DE CONTRATOS,RUA BOA VISTA,162,4º ANDAR,CENTRO,SAO PAULO,SP,DOPC,,,DO,DOPC,1,Item,RH/Lists/EstruturaOrganizacional
01012000001,DIRETORIA ADMINISTRATIVA E FINANCEIRA-CIDADE II,RUA BOA VISTA,175,2º ANDAR - BLOCO B,CENTRO,SAO PAULO,SP,,,,DF,DF,1,Item,RH/Lists/EstruturaOrganizacional
01015340025,ABRIGO LAPA PREVENTIVA MECANICA,AV RAIMUNDO PEREIRA DE MAGALHÃES,200,OFICINA LAPA,VILA ANASTACIO,SAO PAULO,SP,DORA,GOR,GOM,DO,DORA,1,Item,RH/Lists/EstruturaOrganizacional
01015360010,ABRIGO ENG SP-PREVENTIVA MECANICA,RUA BRESSER,1933A,OFICINA ENG. SAO PAULO,MOOCA,SAO PAULO,SP,DORE,GOR,GOM,DO,DORE,1,Item,RH/Lists/EstruturaOrganizacional
01015373010,EQUIPAMENTOS POTENCIA BATERIAS,RUA GENERAL MANOEL DE AZAMBUJA BRILHANTE,55,OFICINA PRESID. ALTINO,CENTRO,OSASCO,SP,DORO,GOR,GOM,DO,DORO,1,Item,RH/Lists/EstruturaOrganizacional
01015373055,RODEIROS PRES ALTINO,RUA GENERAL MANOEL DE AZAMBUJA BRILHANTE,55,OFICINA PRESID. ALTINO,CENTRO,OSASCO,SP,DORO,GOR,GOM,DO,DORO,1,Item,RH/Lists/EstruturaOrganizacional
01016311010,PROCESSOS,PRAÇA AGENTE CICERO,S/N,1º ANDAR,BRAS,SAO PAULO,SP,DOSE,GOS,GOO,DO,DOSE,1,Item,RH/Lists/EstruturaOrganizacional
01016321210,GRUPAMENTO LINHA 10 - BASE MAUA,AV RIO BRANCO,54,EST. MAUA,CENTRO,MAUA,SP,DOSV,GOS,GOO,DO,DOSV,1,Item,RH/Lists/EstruturaOrganizacional
01015376000,"EQUIPE OFICINA TRENS, LOCOMOTIVAS E VAGOES",AV RAIMUNDO PEREIRA DE MAGALHÃES,200,OFICINA LAPA,VILA  ANASTACIO,SAO PAULO,SP,DORO,GOR,GOM,DO,DORO,1,Item,RH/Lists/EstruturaOrganizacional
01015376005,MONTAGEM E TESTES DOS TRENS LOCOMOTIVAS TREM TURISTICO,AV RAIMUNDO PEREIRA DE MAGALHÃES,200,OFICINA LAPA,VILA ANASTACIO,SAO PAULO,SP,DORO,GOR,GOM,DO,DORO,1,Item,RH/Lists/EstruturaOrganizacional
01015376010,MANUTENCAO  LOCOMOTIVAS E VAGOES,AV RAIMUNDO PEREIRA DE MAGALHÃES,200,OFICINA LAPA,VILA ANASTACIO,SAO PAULO,SP,DORO,GOR,GOM,DO,DORO,1,Item,RH/Lists/EstruturaOrganizacional
01012410006,EXPEDICAO-BOA VISTA,RUA BOA VISTA,175,2º ANDAR,CENTRO,SAO PAULO,SP,DFAL,GFA,,DF,DFAL,1,Item,RH/Lists/EstruturaOrganizacional
01012410007,EXPEDICAO - LAPA,AV RAIMUNDO PEREIRA DE MAGALHÃES,200,LAPA,VILA ANASTACIO,SAO PAULO,SP,DFAL,GFA,,DF,DFAL,1,Item,RH/Lists/EstruturaOrganizacional
01012411002,BIBLIOTECA-PRES ALTINO,RUA ZUMA DE SA FERNANDES,360,PRESID. ALTINO,PRESIDENTE ALTINO,OSASCO,SP,DFAL,GFA,,DF,DFAL,1,Item,RH/Lists/EstruturaOrganizacional
01016713000,EQUIPE DE ESTUDOS OPERACIONAIS E PLANOS DE CONTINGENCIA,PRAÇA AGENTE CICERO,S/N,BRAS - ANTIGO CCO,BRAS,SAO PAULO,SP,DOGI,GOG,GOO,DO,DOGI,1,Item,RH/Lists/EstruturaOrganizacional
01016714000,EQUIPE DE DOCUMENTACAO TECNICA,PRAÇA AGENTE CICERO,S/N,BRAS - ANTIGO CCO,BRAS,SAO PAULO,SP,DOGI,GOG,GOO,DO,DOGI,1,Item,RH/Lists/EstruturaOrganizacional
01016715000,EQUIPE DE GESTAO,PRAÇA AGENTE CICERO,S/N,BRAS - ANTIGO CCO,BRAS,SAO PAULO,SP,DOGI,GOG,GOO,DO,DOGI,1,Item,RH/Lists/EstruturaOrganizacional
01016727000,EQUIPE DE RELACOES HUMANAS E CONTROLE DE ACOES TRABALHISTAS,PRAÇA AGENTE CICERO,S/N,BRAS - ANTIGO CCO,BRAS,SAO PAULO,SP,DOGC,GOG,GOO,DO,DOGC,1,Item,RH/Lists/EstruturaOrganizacional
01016728000,EQUIPE DE PROJ E PROC ORG CONTR E LOG ESTACOES,PRAÇA AGENTE CICERO,S/N,BRAS - ANTIGO CCO,BRAS,SAO PAULO,SP,DOGC,GOG,GOO,DO,DOGC,1,Item,RH/Lists/EstruturaOrganizacional
01012140000,DEPTO DE CONTROLE DE CONTRATOS,RUA BOA VISTA,175,2º ANDAR - BLOCO A,CENTRO,SAO PAULO,SP,DFFC,GFF,,DF,DFFC,1,Item,RH/Lists/EstruturaOrganizacional
01012700000,GERENCIA DE CONTROLE FISCAL E CONTÁBIL,RUA BOA VISTA,170,3º ANDAR - BLOCO 5,CENTRO,SAO PAULO,SP,,GFS,,DF,GFS,1,Item,RH/Lists/EstruturaOrganizacional
01012710000,DEPARTAMENTO FISCAL,RUA BOA VISTA,170,3º ANDAR - BLOCO 5,CENTRO,SAO PAULO,SP,DFSF,GFS,,DF,DFSF,1,Item,RH/Lists/EstruturaOrganizacional
01015521015,REDE AEREA 7/10 - FRANCISCO MORATO,AV SÃO PAULO,241,JD. ELIZA,CENTRO,FRANCISCO MORATO,SP,DOFE,GOF,GOM,DO,DOFE,1,Item,RH/Lists/EstruturaOrganizacional
01015521030,DISTRIBUICAO 7/10 SAO CAETANO,RUA AMAZONAS,1,SAO CAETANO DO SUL,CENTRO,SAO CAETANO DO SUL,SP,DOFE,GOF,GOM,DO,DOFE,1,Item,RH/Lists/EstruturaOrganizacional
01015521040,SUBESTACAO MAUA,AV CAPITÃO JOÃO,1081,MAUA,MATRIZ,MAUA,SP,DOFE,GOF,GOM,DO,DOFE,1,Item,RH/Lists/EstruturaOrganizacional
01015521045,SUBESTACAO SAO CAETANO,AV CONS ANTONIO PRADO,205,SAO CAETANO DO SUL,CENTRO,SAO CAETANO DO SUL,SP,DOFE,GOF,GOM,DO,DOFE,1,Item,RH/Lists/EstruturaOrganizacional
01015521050,SUBESTACAO PARI,AV DO ESTADO,2777,PARI,CAMBUCI,SAO PAULO,SP,DOFE,GOF,GOM,DO,DOFE,1,Item,RH/Lists/EstruturaOrganizacional
01015521055,SUBESTACAO TIETE,RUA JOSÉ CORREIA LIMA,690,EST. PIRITUBA,PIRITUBA,SAO PAULO,SP,DOFE,GOF,GOM,DO,DOFE,1,Item,RH/Lists/EstruturaOrganizacional
01015521060,SUBESTACAO CAIEIRAS,ROD TANCREDO DE ALMEIDA NEVES,KM 34,EST. CAIEIRAS,CENTRO,CAIEIRAS,SP,DOFE,GOF,GOM,DO,DOFE,1,Item,RH/Lists/EstruturaOrganizacional
01015521065,SUBESTACAO FRANCISCO MORATO,RUA DEMERSON GOMES ROMANO,307,FRANCISCO MORATO,CENTRO,FRANCISCO MORATO,SP,DOFE,GOF,GOM,DO,DOFE,1,Item,RH/Lists/EstruturaOrganizacional
01015522020,SUBESTACOES E CABINAS SECCIONADORAS 8/9,RUA GENERAL MANOEL DE AZAMBUJA BRILHANTE,55,OFICINA PRESID. ALTINO,CENTRO,OSASCO,SP,DOFE,GOF,GOM,DO,DOFE,1,Item,RH/Lists/EstruturaOrganizacional
01015522025,TELECOMANDO DE SUBESTACOES E CABINAS SECCIONADORAS 8/9-PRESIDENTE ALTINO,RUA GENERAL MANOEL DE AZAMBUJA BRILHANTE,55,OFICINA PRESID. ALTINO,CENTRO,OSASCO,SP,DOFE,GOF,GOM,DO,DOFE,1,Item,RH/Lists/EstruturaOrganizacional
01015522030,EQUIPE SISTEMAS DE ENERGIA 11/12,PRAÇA AGENTE CICERO,S/N,EST. BRAS,BRAS,SAO PAULO,SP,DOFE,GOF,GOM,DO,DOFE,1,Item,RH/Lists/EstruturaOrganizacional
01015522035,REDE AEREA 11/12 - ENG SEBASTIAO GUALBERTO,RUA MELO PEIXOTO,1618,TATUAPE,TATUAPE,SAO PAULO,SP,DOFE,GOF,GOM,DO,DOFE,1,Item,RH/Lists/EstruturaOrganizacional
01015522040,REDE AEREA 11/12 - CALMON VIANA,RUA HERCULANO DUARTE RIBAS,612,CALMON VIANA,CALMOM VIANA,POA,SP,DOFE,GOF,GOM,DO,DOFE,1,Item,RH/Lists/EstruturaOrganizacional
01015522045,DISTRIBUICAO INSTALACOES 11/12,RUA DR ALMEIDA LIMA,240,EST. BRAS,BRAS,SAO PAULO,SP,DOFE,GOF,GOM,DO,DOFE,1,Item,RH/Lists/EstruturaOrganizacional
01015522050,SUBESTACAO ENGENHEIRO SEBASTIAO GUALBERTO,RUA MELO PEIXOTO,1618,TATUAPE,TATUAPE,SAO PAULO,SP,DOFE,GOF,GOM,DO,DOFE,1,Item,RH/Lists/EstruturaOrganizacional
01015522055,SUBESTACAO ENGENHEIRO SAO PAULO,RUA BRESSER,1933A,ENG. SAO PAULO,MOOCA,SAO PAULO,SP,DOFE,GOF,GOM,DO,DOFE,1,Item,RH/Lists/EstruturaOrganizacional
01015522065,SUBESTACAO BRAS CUBAS,RUA PROFESSOR MARIO PORTES,700,MOGI DAS CRUZES,BRAS CUBAS,MOGI DAS CRUZES,SP,DOFE,GOF,GOM,DO,DOFE,1,Item,RH/Lists/EstruturaOrganizacional
01015522070,SUBESTACAO ERMELINO MATARAZZO,AV DR ASSIS RIBEIRO,8459,EST. COM. ERM. MATARAZZO,ERMELINO MATARAZZO,SAO PAULO,SP,DOFE,GOF,GOM,DO,DOFE,1,Item,RH/Lists/EstruturaOrganizacional
01015350000,DEPTO DE MANUT MAT RODANTE - P ALTINO,RUA GENERAL MANOEL DE AZAMBUJA BRILHANTE,55,PRESID. ALTINO,PRESIDENTE ALTINO,OSASCO,SP,DORB,GOR,GOM,DO,DORB,1,Item,RH/Lists/EstruturaOrganizacional
01015375005,EQUIPAMENTOS ELETROMECANICOS CAIXAS E COMPONENTES,AV RAIMUNDO PEREIRA DE MAGALHÃES,200,OFICINA LAPA,VILA ANASTACIO,SAO PAULO,SP,DORO,GOR,GOM,DO,DORO,1,Item,RH/Lists/EstruturaOrganizacional
01015412000,EQUIPE VIA PERMANENTE,RUA ZUMA DE SA FERNANDES,360,3º ANDAR,PRESIDENTE ALTINO,OSASCO,SP,DOTV,GOT,GOM,DO,DOTV,1,Item,RH/Lists/EstruturaOrganizacional
01015522000,EQUIPE SISTEMAS DE ENERGIA 8/9,RUA GENERAL MANOEL DE AZAMBUJA BRILHANTE,55,OFICINA PRESID. ALTINO,CENTRO,OSASCO,SP,DOFE,GOF,GOM,DO,DOFE,1,Item,RH/Lists/EstruturaOrganizacional
01015532000,EQUIPE SINALIZACAO E TELECOMUNICACAO 8/9,RUA GENERAL MANOEL DE AZAMBUJA BRILHANTE,55,PRESID. ALTINO,CENTRO,OSASCO,SP,DOFS,GOF,GOM,DO,DOFS,1,Item,RH/Lists/EstruturaOrganizacional
01015501000,ACOMPANHAMENTO DE CONTRATOS,PRAÇA AGENTE CICERO,S/N,BRAS,BRAS,SAO PAULO,SP,,GOF,GOM,DO,GOF,1,Item,RH/Lists/EstruturaOrganizacional
01016221007,MOVIMENTO DE TRENS 7/10-MAUA,AV RIO BRANCO,S/N,PLATAFORMA 1- AREA OPER.,CENTRO,MAUA,SP,DOC1,GOC,GOO,DO,DOC1,1,Item,RH/Lists/EstruturaOrganizacional
01013720000,DEPARTAMENTO DE PESQUISA E MOBILIDADE,RUA BOA VISTA,175,8º ANDAR - BLOCO A,CENTRO,SAO PAULO,SP,DPEP,GPE,,DP,DPEP,1,Item,RH/Lists/EstruturaOrganizacional
01014110000,DEPARTAMENTO DE PROJETOS DE INFRAESTRUTURA,RUA BOA VISTA,175,6º ANDAR - BLOCO A,CENTRO,SAO PAULO,SP,DEPI,GEP,,DE,DEPI,1,Item,RH/Lists/EstruturaOrganizacional
01014120000,DEPARTAMENTO DE PROJETOS DE EDIFICACOES,RUA BOA VISTA,162,3º ANDAR,CENTRO,SAO PAULO,SP,DEPI,GEP,,DE,DEPI,1,Item,RH/Lists/EstruturaOrganizacional
01014130000,DEPARTAMENTO DE PROJETOS DE INSTALACOES E SISTEMAS,RUA BOA VISTA,175,3º ANDAR - BLOCO A,CENTRO,SAO PAULO,SP,DEPS,GEP,,DE,DEPS,1,Item,RH/Lists/EstruturaOrganizacional
01014140000,DEPARTAMENTO DE CONSISTENCIA E INOVACAO DE PROJETOS,RUA BOA VISTA,175,6º ANDAR - BLOCO A,CENTRO,SAO PAULO,SP,DEPS,GEP,,DE,DEPS,1,Item,RH/Lists/EstruturaOrganizacional
01014220000,DEPARTAMENTO DE OBRAS CIVIS,RUA MAUÁ,147 - A,LUZ,LUZ,SAO PAULO,SP,DEOC,GEO,,DE,DEOC,1,Item,RH/Lists/EstruturaOrganizacional
01014310000,DEPARTAMENTO DE OBRAS CIVIS - EXPANSAO LINHA 9,RUA BOA VISTA,175,7º ANDAR - BLOCO A,CENTRO,SAO PAULO,SP,DEDC,GED,,DE,DEDC,1,Item,RH/Lists/EstruturaOrganizacional
01014320000,DEPARTAMENTO DE MONTAGEM DE VP E REDE AEREA - EXPANSAO LINHA 9,RUA BOA VISTA,175,3º ANDAR - BLOCO A,CENTRO,SAO PAULO,SP,DEDM,GED,,DE,DEDM,1,Item,RH/Lists/EstruturaOrganizacional
01014330000,DEPARTAMENTO DE IMPLANTACAO DE SISTEMAS - EXPANSAO LINHA 9,RUA BOA VISTA,175,7º ANDAR - BLOCO A,CENTRO,SAO PAULO,SP,DEDS,GED,,DE,DEDS,1,Item,RH/Lists/EstruturaOrganizacional
01014410000,DEPARTAMENTO DE MEIO AMBIENTE - EMPREENDIMENTOS,RUA BOA VISTA,162,5º ANDAR,CENTRO,SAO PAULO,SP,DEAE,GEA,,DE,DEAE,1,Item,RH/Lists/EstruturaOrganizacional
01014420000,DEPARTAMENTO DE MEIO AMBIENTE - OPERACAO,RUA BOA VISTA,162,5º ANDAR,CENTRO,SAO PAULO,SP,DEAO,GEA,,DE,DEAO,1,Item,RH/Lists/EstruturaOrganizacional
01014540000,DEPARTAMENTO DE SINALIZACAO E TELECOMUNICACOES,RUA BOA VISTA,175,7º ANDAR - BLOCO A,CENTRO,SAO PAULO,SP,DETA,GET,,DE,DETA,1,Item,RH/Lists/EstruturaOrganizacional
01014550000,DEPARTAMENTO DE SISTEMAS DE ENERGIA,RUA BOA VISTA,175,7º ANDAR - BLOCO A,CENTRO,SAO PAULO,SP,DETE,GET,,DE,DETE,1,Item,RH/Lists/EstruturaOrganizacional
01014560000,DEPARTAMENTO DE PROJETOS DE IMPLANTACAO DE SISTEMAS,RUA BOA VISTA,175,7º ANDAR - BLOCO A,CENTRO,SAO PAULO,SP,DETO,GET,,DE,DETO,1,Item,RH/Lists/EstruturaOrganizacional
01016810255,ESTACAO GUAPITUBA,RUA BRASIL,S/N,LINHA 10,PQ DAS AMERICAS,MAUA,SP,DOE1,GOE,GOO,DO,DOE1,1,Item,RH/Lists/EstruturaOrganizacional
01016810260,ESTACAO RIBEIRAO PIRES,RUA CAPITAO JOSE GALO,S/N,LINHA 10,CENTRO,RIBEIRAO PIRES,SP,DOE1,GOE,GOO,DO,DOE1,1,Item,RH/Lists/EstruturaOrganizacional
01016810265,ESTACAO RIO GRANDE DA SERRA,RUA GUILHERME PINTO MONTEIRO,S/N,LINHA 10,CENTRO,RIO GRANDE DA SERRA,SP,DOE1,GOE,GOO,DO,DOE1,1,Item,RH/Lists/EstruturaOrganizacional
01016820230,ESTACAO BERRINI,AV NAÇÕES UNIDAS,12771,LINHA 9,BROOKLIN PAULISTA,SAO PAULO,SP,DOE2,GOE,GOO,DO,DOE2,1,Item,RH/Lists/EstruturaOrganizacional
01016820233,ESTACAO MORUMBI,AV NAÇÕES UNIDAS,14171,LINHA 9,MORUMBI,SAO PAULO,SP,DOE2,GOE,GOO,DO,DOE2,1,Item,RH/Lists/EstruturaOrganizacional
01016820236,ESTACAO GRANJA JULIETA,RUA ALEXANDRE DUMAS,4403,LINHA 9,ENG CARDOSO,SAO PAULO,SP,DOE2,GOE,GOO,DO,DOE2,1,Item,RH/Lists/EstruturaOrganizacional
01016820239,ESTACAO SANTO AMARO,AV NAÇÕES UNIDAS,S/N,LINHA 9,SANTO AMARO,SAO PAULO,SP,DOE2,GOE,GOO,DO,DOE2,1,Item,RH/Lists/EstruturaOrganizacional
01016820242,ESTACAO SOCORRO,AV NAÇÕES UNIDAS,S/N,LINHA 9,SOCORRO,SAO PAULO,SP,DOE2,GOE,GOO,DO,DOE2,1,Item,RH/Lists/EstruturaOrganizacional
01016820245,ESTACAO JURUBATUBA,RUA OCTALLES MARCONDES FERREIRA,391,LINHA 9,JURUBATUBA,SAO PAULO,SP,DOE2,GOE,GOO,DO,DOE2,1,Item,RH/Lists/EstruturaOrganizacional
01016820248,ESTACAO AUTODROMO,RUA PLINIO SCHMIDT,307,LINHA 9,CIDADE DUTRA,SAO PAULO,SP,DOE2,GOE,GOO,DO,DOE2,1,Item,RH/Lists/EstruturaOrganizacional
01016820251,ESTACAO PRIMAVERA - INTERLAGOS,RUA JERIQUITUBA,85,LINHA 9,PQ AMERICA,SAO PAULO,SP,DOE2,GOE,GOO,DO,DOE2,1,Item,RH/Lists/EstruturaOrganizacional
01016830000,DEPTO DE ESTACOES E SERVICOS - LINHAS 11/12/13,PRAÇA AGENTE CICERO,S/N,EST. BRAS,BRAS,SAO PAULO,SP,DOE3,GOE,GOO,DO,DOE3,1,Item,RH/Lists/EstruturaOrganizacional
01016830130,ESTACAO FERRAZ DE VASCONCELOS,PRAÇA DA INDEPENDENCIA,S/N,LINHA 11,CENTRO,FERRAZ DE VASCONCELOS,SP,DOE3,GOE,GOO,DO,DOE3,1,Item,RH/Lists/EstruturaOrganizacional
01016830135,ESTACAO POA,AV BRASIL,S/N,LINHA 11,CENTRO,POA,SP,DOE3,GOE,GOO,DO,DOE3,1,Item,RH/Lists/EstruturaOrganizacional
01016830140,ESTACAO SUZANO,RUA MAJOR PINHEIRO FROES,55,LINHA 11,CENTRO,SUZANO,SP,DOE3,GOE,GOO,DO,DOE3,1,Item,RH/Lists/EstruturaOrganizacional
01016830145,ESTACAO JUNDIAPEBA,RUA AUREA MARTINS DOS ANJOS,S/N,LINHA 11,JUNDIAPEBA,MOGI DAS CRUZES,SP,DOE3,GOE,GOO,DO,DOE3,1,Item,RH/Lists/EstruturaOrganizacional
01016830210,ESTACAO TATUAPE,RUA CATIGUA,S/N,LINHA 12,TATUAPE,SAO PAULO,SP,DOE3,GOE,GOO,DO,DOE3,1,Item,RH/Lists/EstruturaOrganizacional
01016830220,ESTACAO COMENDADOR ERMELINO,AV DR ASSIS RIBEIRO,8251,LINHA 12,ERMELINO MATARAZZO,SAO PAULO,SP,DOE3,GOE,GOO,DO,DOE3,1,Item,RH/Lists/EstruturaOrganizacional
01016830225,ESTACAO SAO MIGUEL PAULISTA,RUA SALVADOR DE MEDEIROS,451,LINHA 12,SAO MIGUEL PAULISTA,SAO PAULO,SP,DOE3,GOE,GOO,DO,DOE3,1,Item,RH/Lists/EstruturaOrganizacional
01016830235,ESTACAO ITAIM PAULISTA,RUA RAFAEL CORREA DA SILVA,13,LINHA 12,JARDIM AIMORE,SAO PAULO,SP,DOE3,GOE,GOO,DO,DOE3,1,Item,RH/Lists/EstruturaOrganizacional
01016830240,ESTACAO JARDIM ROMANO,RUA JOSE ALVARES MOREIRA,349,LINHA 12,JARDIM ROMANO,SAO PAULO,SP,DOE3,GOE,GOO,DO,DOE3,1,Item,RH/Lists/EstruturaOrganizacional
01016830245,ESTACAO ENG MANOEL FEIO,AV ELDORADO,S/N,LINHA 12,MANOEL FEIO,ITAQUAQUECETUBA,SP,DOE3,GOE,GOO,DO,DOE3,1,Item,RH/Lists/EstruturaOrganizacional
01016830250,ESTACAO ITAQUAQUECETUBA,AV PRESIDENTE TANCREDO NEVES,746,LINHA 12,ITAQUAQUECETUBA,ITAQUAQUECETUBA,SP,DOE3,GOE,GOO,DO,DOE3,1,Item,RH/Lists/EstruturaOrganizacional
01016830255,ESTACAO ARACARE,RUA RIO DE JANEIRO,S/N,LINHA 12,ARACARE,ITAQUAQUECETUBA,SP,DOE3,GOE,GOO,DO,DOE3,1,Item,RH/Lists/EstruturaOrganizacional
01015521000,EQUIPE SISTEMAS DE ENERGIA 7/10,RUA JOSÉ PAULINO,7,OFICINA LUZ,BOM RETIRO,SAO PAULO,SP,DOFE,GOF,GOM,DO,DOFE,1,Item,RH/Lists/EstruturaOrganizacional
01015531015,SINALIZACAO PREVENTIVA LUZ,RUA JOSÉ PAULINO,7,SINALIZ. LUZ,BOM RETIRO,SAO PAULO,SP,DOFS,GOF,GOM,DO,DOFS,1,Item,RH/Lists/EstruturaOrganizacional
01015531020,SINALIZACAO SAO CAETANO,RUA SERAFIM CONSTANTINO,1,SINALIZ. SAO CAETANO,CENTRO,SAO CAETANO DO SUL,SP,DOFS,GOF,GOM,DO,DOFS,1,Item,RH/Lists/EstruturaOrganizacional
01015531025,RESTABELECIMENTO SAO CAETANO,RUA SERAFIM CONSTANTINO,1,SINALIZ. SAO CAETANO,CENTRO,SAO CAETANO DO SUL,SP,DOFS,GOF,GOM,DO,DOFS,1,Item,RH/Lists/EstruturaOrganizacional
01015531030,SINALIZACAO PREVENTIVA SAO CAETANO,RUA SERAFIM CONSTANTINO,1,SINALIZ. SAO CAETANO,CENTRO,SAO CAETANO DO SUL,SP,DOFS,GOF,GOM,DO,DOFS,1,Item,RH/Lists/EstruturaOrganizacional
01015531035,SINALIZACAO PREVENTIVA MAUA,AV RIO BRANCO,3,PATIO - EST. MAUA,CENTRO,MAUA,SP,DOFS,GOF,GOM,DO,DOFS,1,Item,RH/Lists/EstruturaOrganizacional
01015531045,RESTABELECIMENTO PIRITUBA,RUA CAMARÕES,185,SINALIZ. PIRITUBA,PIRITUBA,SAO PAULO,SP,DOFS,GOF,GOM,DO,DOFS,1,Item,RH/Lists/EstruturaOrganizacional
01015531050,SINALIZACAO PREVENTIVA PIRITUBA,RUA CAMARÕES,185,SINALIZ. PIRITUBA,PIRITUBA,SAO PAULO,SP,DOFS,GOF,GOM,DO,DOFS,1,Item,RH/Lists/EstruturaOrganizacional
01015531055,SINALIZACAO PREVENTIVA FRANCISCO MORATO,RUA GERÔNIMO CAETANO GARCIA,S/N,SINALIZ. FCO. MORATO,CENTRO,FRANCISCO MORATO,SP,DOFS,GOF,GOM,DO,DOFS,1,Item,RH/Lists/EstruturaOrganizacional
01015531065,TELECOMUNICACOES LAPA,AV RAIMUNDO PEREIRA DE MAGALHÃES,200,CENTRAL TELEFONICA LAPA,VILA ANASTACIO,SAO PAULO,SP,DOFS,GOF,GOM,DO,DOFS,1,Item,RH/Lists/EstruturaOrganizacional
01015531070,TELECOMUNICACOES LUZ,RUA JOSÉ PAULINO,7,CENTRAL TELEFONICA LUZ,BOM RETIRO,SAO PAULO,SP,DOFS,GOF,GOM,DO,DOFS,1,Item,RH/Lists/EstruturaOrganizacional
01015531075,TELECOMUNIC/RADIO BARRA FUNDA,RUA MARIO DE ANDRADE,684,EST. BARRA FUNDA,BARRA FUNDA,SAO PAULO,SP,DOFS,GOF,GOM,DO,DOFS,1,Item,RH/Lists/EstruturaOrganizacional
01015532015,SINALIZACAO PREVENTIVA PRES ALTINO,RUA GENERAL MANOEL DE AZAMBUJA BRILHANTE,55,PRESID. ALTINO,CENTRO,OSASCO,SP,DOFS,GOF,GOM,DO,DOFS,1,Item,RH/Lists/EstruturaOrganizacional
01015532020,RESTABELECIMENTO BARUERI,PRAÇA SÃO JOÃO BATISTA,30,EST. BARUERI,CENTRO,BARUERI,SP,DOFS,GOF,GOM,DO,DOFS,1,Item,RH/Lists/EstruturaOrganizacional
01015532025,RESTABELECIMENTO CIDADE JARDIM,RUA PROFESSOR ARTUR RAMOS,787,EST. CIDADE JARDIM,CIDADE JARDIM,SAO PAULO,SP,DOFS,GOF,GOM,DO,DOFS,1,Item,RH/Lists/EstruturaOrganizacional
01015532030,TELECOMUNICACOES MANUT TELEFONICA PRES ALTINO,RUA GENERAL MANOEL DE AZAMBUJA BRILHANTE,55,PRESID. ALTINO,CENTRO,OSASCO,SP,DOFS,GOF,GOM,DO,DOFS,1,Item,RH/Lists/EstruturaOrganizacional
01015532035,TELECOMUNICACOES/BLOQUEIOS-PRES ALTINO,RUA ABILIO MENDES,21,PRESID. ALTINO,PRESIDENTE ALTINO,OSASCO,SP,DOFS,GOF,GOM,DO,DOFS,1,Item,RH/Lists/EstruturaOrganizacional
01015532040,TELECOMUNICACOES RADIO/SOM/CRON/BLOQ P ALTINO,RUA GENERAL MANOEL DE AZAMBUJA BRILHANTE,55,PRESID. ALTINO,CENTRO,OSASCO,SP,DOFS,GOF,GOM,DO,DOFS,1,Item,RH/Lists/EstruturaOrganizacional
01015532045,TELECOMUNICAO/TRANSMISSAO PRESIDENTE ALTINO,RUA GENERAL MANOEL DE AZAMBUJA BRILHANTE,55,PRESID. ALTINO,CENTRO,OSASCO,SP,DOFS,GOF,GOM,DO,DOFS,1,Item,RH/Lists/EstruturaOrganizacional
01015533030,SINALIZACAO PREVENTIVA CALMON VIANA,RUA HERCULANO DUARTE RIBAS,612,CALMON VIANA,CALMOM VIANA,POA,SP,DOFS,GOF,GOM,DO,DOFS,1,Item,RH/Lists/EstruturaOrganizacional
01015533040,RESTABELECIMENTO ENG SEBASTIAO GUALBERTO,RUA MELO PEIXOTO,1618,TATUAPE,TATUAPE,SAO PAULO,SP,DOFS,GOF,GOM,DO,DOFS,1,Item,RH/Lists/EstruturaOrganizacional
01015533045,SINALIZACAO PREVENTIVA ENG SEB GUALBERTO,RUA MELO PEIXOTO,1618,TATUAPE,TATUAPE,SAO PAULO,SP,DOFS,GOF,GOM,DO,DOFS,1,Item,RH/Lists/EstruturaOrganizacional
01015533050,SINALIZACAO PREVENTIVA - JOSE BONIFACIO,AV NAGIB FARAH MALUF,1500,EST. JD. BONIFACIO,JOSE BONIFACIO,SAO PAULO,SP,DOFS,GOF,GOM,DO,DOFS,1,Item,RH/Lists/EstruturaOrganizacional
01015533055,RESTABELECIMENTO JOSE BONIFACIO,AV NAGIB FARAH MALUF,1500,EST. JD. BONIFACIO,JOSE BONIFACIO,SAO PAULO,SP,DOFS,GOF,GOM,DO,DOFS,1,Item,RH/Lists/EstruturaOrganizacional
01015533060,RESTABELECIMENTO SAO MIGUEL PTA,RUA SALVADOR DE MEDEIROS,451,PREDIO 2 ANTIGA ESTACAO,SAO MIGUEL PAULISTA,SAO PAULO,SP,DOFS,GOF,GOM,DO,DOFS,1,Item,RH/Lists/EstruturaOrganizacional
01015533065,SINALIZACAO PREVENTIVA-SAO MIGUEL PTA,RUA SALVADOR DE MEDEIROS,451,PREDIO 2 ANTIGA ESTACAO,SAO MIGUEL PAULISTA,SAO PAULO,SP,DOFS,GOF,GOM,DO,DOFS,1,Item,RH/Lists/EstruturaOrganizacional
01015533070,TELECOMUNICACOES BRAS,PRAÇA AGENTE CICERO,S/N,EST. BRAS,BRAS,SAO PAULO,SP,DOFS,GOF,GOM,DO,DOFS,1,Item,RH/Lists/EstruturaOrganizacional
01015533075,RESTABELECIMENTO TELECOMUNICACOES BRAS,PRAÇA AGENTE CICERO,S/N,EST. BRAS,BRAS,SAO PAULO,SP,DOFS,GOF,GOM,DO,DOFS,1,Item,RH/Lists/EstruturaOrganizacional
01015533080,TELECOMUNICACOES RADIO/SOM/CRON/BLOQ BRAS,PRAÇA AGENTE CICERO,S/N,EST. BRAS,BRAS,SAO PAULO,SP,DOFS,GOF,GOM,DO,DOFS,1,Item,RH/Lists/EstruturaOrganizacional
01015631005,SOLDAS E EQUIPAMENTOS-LAPA,AV RAIMUNDO PEREIRA DE MAGALHÃES,200,LAPA,VILA ANASTACIO,SAO PAULO,SP,,GOV,GOM,DO,GOV,1,Item,RH/Lists/EstruturaOrganizacional
01018200000,APOSENTADO POR INVALIDEZ,RUA BOA VISTA,162,4º ANDAR,CENTRO,SAO PAULO,SP,,,,APOS,APOS,1,Item,RH/Lists/EstruturaOrganizacional
01011201000,NUCLEO DE MEDIACAO E ARBITRAGEM,RUA BOA VISTA,162,3º ANDAR,CENTRO,SAO PAULO,SP,,GRJ,,PR,GRJ,1,Item,RH/Lists/EstruturaOrganizacional
01012410008,ARQUIVO-BOA VISTA,RUA BOA VISTA,175,2º ANDAR,CENTRO,SAO PAULO,SP,DFAL,GFA,,DF,DFAL,1,Item,RH/Lists/EstruturaOrganizacional
01016800000,GERENCIA DE ESTACOES E SERVICOS,PRAÇA AGENTE CICERO,S/N,EST. BRAS,BRAS,SAO PAULO,SP,,GOE,GOO,DO,GOE,1,Item,RH/Lists/EstruturaOrganizacional
01016810000,DEPTO DE ESTACOES E SERVICOS - LINHAS 7/10,ROD TANCREDO DE ALMEIDA NEVES,KM 34,EST. CAIEIRAS,CENTRO,CAIEIRAS,SP,DOE1,GOE,GOO,DO,DOE1,1,Item,RH/Lists/EstruturaOrganizacional
01016810105,ESTACAO AGUA BRANCA,AV SANTA MARINA,S/N,LINHA 7,AGUA BRANCA,SAO PAULO,SP,DOE1,GOE,GOO,DO,DOE1,1,Item,RH/Lists/EstruturaOrganizacional
01016810110,ESTACAO LAPA 7,RUA WILLIAM SPEERS,863,LINHA 7,LAPA,SAO PAULO,SP,DOE1,GOE,GOO,DO,DOE1,1,Item,RH/Lists/EstruturaOrganizacional
01016810115,ESTACAO PIQUERI,RUA JOSE PERES CAMPELO,S/N,LINHA 7,PIQUERI,SAO PAULO,SP,DOE1,GOE,GOO,DO,DOE1,1,Item,RH/Lists/EstruturaOrganizacional
01016810120,ESTACAO PIRITUBA,RUA CAMARÕES,S/N,LINHA 7,CHAC. INGLESA,SAO PAULO,SP,DOE1,GOE,GOO,DO,DOE1,1,Item,RH/Lists/EstruturaOrganizacional
01016810125,ESTACAO VILA CLARICE,PRAÇA COMENDADOR SOUZA CRUZ,S/N,LINHA 7,JARDIM REGINA,SAO PAULO,SP,DOE1,GOE,GOO,DO,DOE1,1,Item,RH/Lists/EstruturaOrganizacional
01016810130,ESTACAO JARAGUA,ESTRADA DE TAIPAS,S/N,LINHA 7,JARAGUA,SAO PAULO,SP,DOE1,GOE,GOO,DO,DOE1,1,Item,RH/Lists/EstruturaOrganizacional
01016810135,ESTACAO VILA AURORA,RUA FRANCISCO DA CUNHA MENEZES,1066,LINHA 7,JARAGUA,SAO PAULO,SP,DOE1,GOE,GOO,DO,DOE1,1,Item,RH/Lists/EstruturaOrganizacional
01016810140,ESTACAO PERUS,AV DR SYLVIO DE CAMPOS,S/N,LINHA 7,PERUS,SAO PAULO,SP,DOE1,GOE,GOO,DO,DOE1,1,Item,RH/Lists/EstruturaOrganizacional
01016810145,ESTACAO CAIEIRAS,RUA TANCREDO DE ALMEIDA NEVES,KM 34,LINHA 7,CENTRO,CAIEIRAS,SP,DOE1,GOE,GOO,DO,DOE1,1,Item,RH/Lists/EstruturaOrganizacional
01016214005,CONTROLE DE TRAFEGO-CCO 11/12/13,PRAÇA AGENTE CICERO,S/N,CCO/BRAS - TERREO,BRAS,SAO PAULO,SP,DOCP,GOC,GOO,DO,DOCP,1,Item,RH/Lists/EstruturaOrganizacional
01016260000,DEPTO DE CIRCULACAO-LINHAS 11/12/13,PRAÇA DA LUZ,1,PLATAFORMA 4 - CCO LUZ,LUZ,SAO PAULO,SP,DOC3,GOC,GOO,DO,DOC3,1,Item,RH/Lists/EstruturaOrganizacional
01016261000,EQUIPE TRACAO 11/12/13,PRAÇA AGENTE CICERO,S/N,PREDIO NOVO,BRAS,SAO PAULO,SP,DOC3,GOC,GOO,DO,DOC3,1,Item,RH/Lists/EstruturaOrganizacional
01016261005,MOVIMENTO DE TRENS 11/12/13 - BRAS,PRAÇA AGENTE CICERO,S/N,PREDIO ADM ANEXO 1,BRAS,SAO PAULO,SP,DOC3,GOC,GOO,DO,DOC3,1,Item,RH/Lists/EstruturaOrganizacional
01016261006,MOVIMENTO DE TRENS 11/12/13 - GUAIANAZES,RUA SALVADOR GIANETTI,S/N,CORR TER SUL-EST.GUAIANAZ,GUAIANAZES,SAO PAULO,SP,DOC3,GOC,GOO,DO,DOC3,1,Item,RH/Lists/EstruturaOrganizacional
01016261007,MOVIMENTO DE TRENS 11/12/13 - ITAIM,RUA RAFAEL CORREA DA SILVA,13,LADO SUL - EST. ITAIM PTA,ITAIM PAULISTA,SAO PAULO,SP,DOC3,GOC,GOO,DO,DOC3,1,Item,RH/Lists/EstruturaOrganizacional
01016261008,MOVIMENTO DE TRENS 11/12/13 - SUZANO,MAJOR PINHEIRO FROES,55,EST. SUZANO,CENTRO,SUZANO,SP,DOC3,GOC,GOO,DO,DOC3,1,Item,RH/Lists/EstruturaOrganizacional
01016324000,SEGURANCA OPERACIONAL-LINHAS 11/12/13,PRAÇA AGENTE CICERO,S/N,TERREO,BRAS,SAO PAULO,SP,DOSV,GOS,GOO,DO,DOSV,1,Item,RH/Lists/EstruturaOrganizacional
01016324100,EQUIPE SEGURANCA - LINHA 11,PRAÇA AGENTE CICERO,S/N,TERREO,BRAS,SAO PAULO,SP,DOSV,GOS,GOO,DO,DOSV,1,Item,RH/Lists/EstruturaOrganizacional
01016324105,GRUPAMENTO LINHA 11- GUAIANAZES,RUA SALVADOR GIANETTI,S/N,BASE GUAIANAZES,GUAIANASES,SAO PAULO,SP,DOSV,GOS,GOO,DO,DOSV,1,Item,RH/Lists/EstruturaOrganizacional
01016324110,GRUPAMENTO LINHA 11- SUZANO,RUA MAJOR PINHEIRO FROES,55,EST. SUZANO,CENTRO,SUZANO,SP,DOSV,GOS,GOO,DO,DOSV,1,Item,RH/Lists/EstruturaOrganizacional
01016324200,EQUIPE SEGURANCA - LINHA 12,PRAÇA AGENTE CICERO,S/N,TERREO,BRAS,SAO PAULO,SP,DOSV,GOS,GOO,DO,DOSV,1,Item,RH/Lists/EstruturaOrganizacional
01016324205,GRUPAMENTO LINHA 12 - BRAS,PRAÇA AGENTE CICERO,S/N,TERREO,BRAS,SAO PAULO,SP,DOSV,GOS,GOO,DO,DOSV,1,Item,RH/Lists/EstruturaOrganizacional
01016324210,GRUPAMENTO LINHA 12 - ITAIM PAULISTA,RUA CORDÃO DE SÃO FRANCISCO,13,BASE ITAIM PAULISTA,VILA AIMORE,SAO PAULO,SP,DOSV,GOS,GOO,DO,DOSV,1,Item,RH/Lists/EstruturaOrganizacional
01015373015,MOTORES DE TRACAO,RUA GENERAL MANOEL DE AZAMBUJA BRILHANTE,55,OFICINA PRESID. ALTINO,CENTRO,OSASCO,SP,DORO,GOR,GOM,DO,DORO,1,Item,RH/Lists/EstruturaOrganizacional
01016261009,MOVIMENTO DE TRENS 11/12/13 ENG GOULART,AV DR ASSIS RIBEIRO,3500,CANGAIBA,CANGAIBA,SAO PAULO,SP,DOC3,GOC,GOO,DO,DOC3,1,Item,RH/Lists/EstruturaOrganizacional
01016261010,MOVIMENTO DE TRENS 11/12/13 AEROPORTO,AV NATALIA ZARIF,460,PQ INDL. JD. SAO GERALDO,CENTRO,GUARULHOS,SP,DOC3,GOC,GOO,DO,DOC3,1,Item,RH/Lists/EstruturaOrganizacional
01016324300,EQUIPE SEGURANÇA - LINHA 13,AV DR ASSIS RIBEIRO,169,TERREO,ENGENHEIRO GOULART,SAO PAULO,SP,DOSV,GOS,GOO,DO,DOSV,1,Item,RH/Lists/EstruturaOrganizacional
01016324305,GRUPAMENTO LINHA 13 - ENG GOULART,PRAÇA AGENTE CICERO,S/N,TERREO,BRAS,SAO PAULO,SP,DOSV,GOS,GOO,DO,DOSV,1,Item,RH/Lists/EstruturaOrganizacional
01012201000,GERENCIA DE CONTRAT E COMPRAS-APOIO,RUA BOA VISTA,162,4º ANDAR,CENTRO,SAO PAULO,SP,,GFC,,DF,GFC,1,Item,RH/Lists/EstruturaOrganizacional
01015360016,ABRIGO ENG SP -PREV ENTIVA NOTURNA,RUA BRESSER,1933A,OFICINA ENG. SAO PAULO,MOOCA,SAO PAULO,SP,DORE,GOR,GOM,DO,DORE,1,Item,RH/Lists/EstruturaOrganizacional
01011400000,GERENCIA DE MARKETING E COMUNICACAO,RUA BOA VISTA,162,5º ANDAR,CENTRO,SAO PAULO,SP,,GRM,,PR,GRM,1,Item,RH/Lists/EstruturaOrganizacional
01011420000,DEPARTAMENTO DE RELACIONAMENTO COM O PASSAGEIRO,AV AURO SOARES DE MOURA ANDRADE,664,EST. BARRA FUNDA,BARRA FUNDA,SAO PAULO,SP,DRMP,GRM,,PR,DRMP,1,Item,RH/Lists/EstruturaOrganizacional
01015050000,DEPTO DE PLANEJAMENTO CONTROLE E GESTAO,RUA BOA VISTA,162,4º ANDAR,CENTRO,SAO PAULO,SP,DOPC,,,DO,DOPC,1,Item,RH/Lists/EstruturaOrganizacional
01015340010,ABRIGO LAPA FRESADORA,AV RAIMUNDO PEREIRA DE MAGALHÃES,200,OFICINA LAPA,VILA ANASTACIO,SAO PAULO,SP,DORA,GOR,GOM,DO,DORA,1,Item,RH/Lists/EstruturaOrganizacional
01015400000,GERENCIA DE ENG DE MANUTENCAO,RUA ZUMA DE SA FERNANDES,360,3º ANDAR,PRESIDENTE ALTINO,OSASCO,SP,,GOT,GOM,DO,GOT,1,Item,RH/Lists/EstruturaOrganizacional
01015510000,DEPTO DE MANUTENCAO DE SISTEMAS AUXILIARES,PRAÇA AGENTE CICERO,S/N,CCO/BRAS,BRAS,SAO PAULO,SP,DOFA,GOF,GOM,DO,DOFA,1,Item,RH/Lists/EstruturaOrganizacional
01016250015,LAVADOR DE CARROS JUNDIAPEBA-11/12,RUA GUILHERME GEORGE,1235,JUNDIAPEBA,JUNDIAPEBA,MOGI DAS CRUZES,SP,DOCT,GOC,GOO,DO,DOCT,1,Item,RH/Lists/EstruturaOrganizacional
01016810150,ESTACAO FRANCO DA ROCHA,RUA DONA AMALIA SESTINE,S/N,LINHA 7,CENTRO,FRANCO DA ROCHA,SP,DOE1,GOE,GOO,DO,DOE1,1,Item,RH/Lists/EstruturaOrganizacional
01016810155,ESTACAO BALTAZAR FIDELIS,AV ISRAEL,S/N,LINHA 7,,FRANCO DA ROCHA,SP,DOE1,GOE,GOO,DO,DOE1,1,Item,RH/Lists/EstruturaOrganizacional
01016810160,ESTACAO FRANCISCO MORATO,RUA JERONIMO CAETANO GARCIA,S/N,LINHA 7,CENTRO,FRANCISCO MORATO,SP,DOE1,GOE,GOO,DO,DOE1,1,Item,RH/Lists/EstruturaOrganizacional
01016810165,ESTACAO BOTUJURU,RUA BELA VISTA,S/N,LINHA 7,BOTUJURU,CAMPO LIMPO PAULISTA,SP,DOE1,GOE,GOO,DO,DOE1,1,Item,RH/Lists/EstruturaOrganizacional
01016810170,ESTACAO CAMPO LIMPO PAULISTA,RUA FELICE PEREIRA PINTO,S/N,LINHA 7,CENTRO,CAMPO LIMPO PAULISTA,SP,DOE1,GOE,GOO,DO,DOE1,1,Item,RH/Lists/EstruturaOrganizacional
01016810175,ESTACAO VARZEA PAULISTA,RUA ANTONIO FEREZ,S/N,LINHA 7,CENTRO,VARZEA PAULISTA,SP,DOE1,GOE,GOO,DO,DOE1,1,Item,RH/Lists/EstruturaOrganizacional
01016810180,ESTACAO JUNDIAI,RUA UNIAO DOS FERROVIARIOS,S/N,LINHA 7,CENTRO,JUNDIAI,SP,DOE1,GOE,GOO,DO,DOE1,1,Item,RH/Lists/EstruturaOrganizacional
01016810205,ESTACAO LUZ,PRAÇA DA LUZ,1,LINHA 10,BOM RETIRO,SAO PAULO,SP,DOE1,GOE,GOO,DO,DOE1,1,Item,RH/Lists/EstruturaOrganizacional
01016810210,ESTACAO MOOCA,AV PRESIDENTE WILSON,483,LINHA 10,MOOCA,SAO PAULO,SP,DOE1,GOE,GOO,DO,DOE1,1,Item,RH/Lists/EstruturaOrganizacional
01016810215,ESTACAO IPIRANGA,AV PRESIDENTE WILSON,3473,LINHA 10,IPIRANGA,SAO PAULO,SP,DOE1,GOE,GOO,DO,DOE1,1,Item,RH/Lists/EstruturaOrganizacional
01016810220,ESTACAO TAMANDUATEI,RUA VEMAG,1000,LINHA 10,IPIRANGA,SAO PAULO,SP,DOE1,GOE,GOO,DO,DOE1,1,Item,RH/Lists/EstruturaOrganizacional
01016810225,ESTACAO SAO CAETANO,RUA SERAFIM CONSTANTINO,51,LINHA 10,CENTRO,SAO CAETANO DO SUL,SP,DOE1,GOE,GOO,DO,DOE1,1,Item,RH/Lists/EstruturaOrganizacional
01016820000,DEPTO DE ESTACOES E SERVICOS - LINHAS 8/9,AV AURO SOARES DE MOURA ANDRADE,664,EST. BARRA FUNDA,BARRA FUNDA,SAO PAULO,SP,DOE2,GOE,GOO,DO,DOE2,1,Item,RH/Lists/EstruturaOrganizacional
01016820103,ESTACAO JULIO PRESTES,PRAÇA JULIO PRESTES,148,LINHA 8,BOM RETIRO,SAO PAULO,SP,DOE2,GOE,GOO,DO,DOE2,1,Item,RH/Lists/EstruturaOrganizacional
01016820106,ESTACAO PALMEIRAS - BARRA FUNDA,AV AURO SOARES DE MOURA ANDRADE,664,LINHA 8,BARRA FUNDA,SAO PAULO,SP,DOE2,GOE,GOO,DO,DOE2,1,Item,RH/Lists/EstruturaOrganizacional
01016820109,ESTACAO LAPA 8,RUA GUAICURUS,1438,LINHA 8,LAPA,SAO PAULO,SP,DOE2,GOE,GOO,DO,DOE2,1,Item,RH/Lists/EstruturaOrganizacional
01016820112,ESTACAO DOMINGOS DE MORAES,RUA JOÃO TIBIRIÇÁ,S/N,LINHA 8,LAPA,SAO PAULO,SP,DOE2,GOE,GOO,DO,DOE2,1,Item,RH/Lists/EstruturaOrganizacional
01016820115,ESTACAO IMPERATRIZ LEOPOLDINA,RUA MAJOR PALADINO,8,LINHA 8,VL LEOPOLDINA,SAO PAULO,SP,DOE2,GOE,GOO,DO,DOE2,1,Item,RH/Lists/EstruturaOrganizacional
01016820118,ESTACAO COMANDANTE SAMPAIO,AV DOS AUTONOMISTAS,5100,LINHA 8,KM 18,OSASCO,SP,DOE2,GOE,GOO,DO,DOE2,1,Item,RH/Lists/EstruturaOrganizacional
01019004004,CESSAO SIND ENGENHEIROS NO ESTADO DE SP,RUA BOA VISTA,175,BOA VISTA,CENTRO,SAO PAULO,SP,CED,,,CED,CED,1,Item,RH/Lists/EstruturaOrganizacional
01013600000,GERENCIA DE GESTAO DO TERRITORIO - REGULARIZACAO FUNDIARIA,RUA BOA VISTA,175,4º ANDAR - BLOCO A,CENTRO,SAO PAULO,SP,,GPR,,DP,GPR,1,Item,RH/Lists/EstruturaOrganizacional
01013610000,DEPARTAMENTO DE GESTAO DO TERRITORIO,RUA BOA VISTA,175,3º ANDAR - BLOCO A,CENTRO,SAO PAULO,SP,DPRG,GPR,,DP,DPRG,1,Item,RH/Lists/EstruturaOrganizacional
01013700000,GERENCIA DE ESTRATEGIA EMPRESARIAL,RUA BOA VISTA,175,8º ANDAR - BLOCO A,CENTRO,SAO PAULO,SP,,GPE,,DP,GPE,1,Item,RH/Lists/EstruturaOrganizacional
01013710000,DEPARTAMENTO DE MONITORAMENTO ESTRATEGICO,RUA BOA VISTA,175,8º ANDAR - BLOCO A,CENTRO,SAO PAULO,SP,DPEM,GPE,,DP,DPEM,1,Item,RH/Lists/EstruturaOrganizacional
01011240000,DEPTO JURIDICO LICITACOES E CONTROLE EXTERNO,RUA BOA VISTA,162,3º ANDAR,CENTRO,SAO PAULO,SP,DRJL,GRJ,,PR,DRJL,1,Item,RH/Lists/EstruturaOrganizacional
01016820121,ESTACAO QUITAUNA,PRAÇA ANTONIO RAPOSO TAVARES,S/N,LINHA 8,VILA QUITAUNA,OSASCO,SP,DOE2,GOE,GOO,DO,DOE2,1,Item,RH/Lists/EstruturaOrganizacional
01016820124,ESTACAO GENERAL MIGUEL COSTA,AV DOS AUTONOMISTAS,S/N,LINHA 8,KM 21,OSASCO,SP,DOE2,GOE,GOO,DO,DOE2,1,Item,RH/Lists/EstruturaOrganizacional
01016820127,ESTACAO CARAPICUIBA,RUA MAX ZENDRON,S/N,LINHA 8,CENTRO,CARAPICUIBA,SP,DOE2,GOE,GOO,DO,DOE2,1,Item,RH/Lists/EstruturaOrganizacional
01016820130,ESTACAO SANTA TEREZINHA,AV DEPUTADO EMILIO CARLOS,900,LINHA 8,SANTA TEREZINHA,CARAPICUIBA,SP,DOE2,GOE,GOO,DO,DOE2,1,Item,RH/Lists/EstruturaOrganizacional
01016820133,ESTACAO ANTONIO JOAO,PARADA ANTONIO JOAO,20,LINHA 8,ANTONIO JOAO,BARUERI,SP,DOE2,GOE,GOO,DO,DOE2,1,Item,RH/Lists/EstruturaOrganizacional
01016820136,ESTACAO BARUERI,PRAÇA SÃO JOÃO BATISTA,30,LINHA 8,CENTRO,BARUERI,SP,DOE2,GOE,GOO,DO,DOE2,1,Item,RH/Lists/EstruturaOrganizacional
01016820139,ESTACAO JARDIM BELVAL,AV GRUPO BANDEIRANTES,S/N,LINHA 8,JD BELVAL,BARUERI,SP,DOE2,GOE,GOO,DO,DOE2,1,Item,RH/Lists/EstruturaOrganizacional
01016820142,ESTACAO JARDIM SILVEIRA,RUA FERNAO DIAS PAES LEME,S/N,LINHA 8,JD SILVEIRA,BARUERI,SP,DOE2,GOE,GOO,DO,DOE2,1,Item,RH/Lists/EstruturaOrganizacional
01016820145,ESTACAO JANDIRA,AV JOAO BALHESTEIRO,50,LINHA 8,CENTRO,JANDIRA,SP,DOE2,GOE,GOO,DO,DOE2,1,Item,RH/Lists/EstruturaOrganizacional
01016820148,ESTACAO SAGRADO CORACAO,RUA FRANCISCO JOSE LONGO,402,LINHA 8,SAGRADO CORACAO,JANDIRA,SP,DOE2,GOE,GOO,DO,DOE2,1,Item,RH/Lists/EstruturaOrganizacional
01016820151,ESTACAO ENG CARDOSO,RUA PROJETADA,S/N,LINHA 8,ENG CARDOSO,ITAPEVI,SP,DOE2,GOE,GOO,DO,DOE2,1,Item,RH/Lists/EstruturaOrganizacional
01016820154,ESTACAO ITAPEVI,RUA JOAO PIRES DE OLIVEIRA,51,LINHA 8,JD NOVA ITAPEVI,ITAPEVI,SP,DOE2,GOE,GOO,DO,DOE2,1,Item,RH/Lists/EstruturaOrganizacional
01016820157,ESTACAO SANTA RITA,ROD ENG RENE BENEDITO DA SILVA,1850,LINHA 8,PARQUE BOA ESPERANÇA,ITAPEVI,SP,DOE2,GOE,GOO,DO,DOE2,1,Item,RH/Lists/EstruturaOrganizacional
01016820160,ESTACAO AMADOR BUENO,RUA BAMBINA AMIRABILE CHALUPPE,S/N,LINHA 8,AMADOR BUENO,ITAPEVI,SP,DOE2,GOE,GOO,DO,DOE2,1,Item,RH/Lists/EstruturaOrganizacional
01016820203,ESTACAO OSASCO,PRAÇA ANTONIO MENCK,S/N,LINHA 9,CENTRO,OSASCO,SP,DOE2,GOE,GOO,DO,DOE2,1,Item,RH/Lists/EstruturaOrganizacional
01016820206,ESTACAO PRESIDENTE ALTINO,RUA ABILIO MENDES,8,LINHA 9,PRESIDENTE ALTINO,OSASCO,SP,DOE2,GOE,GOO,DO,DOE2,1,Item,RH/Lists/EstruturaOrganizacional
01016820209,ESTACAO CEASA,AV NAÇÕES UNIDAS,1390,LINHA 9,VL LEOPOLDINA,SAO PAULO,SP,DOE2,GOE,GOO,DO,DOE2,1,Item,RH/Lists/EstruturaOrganizacional
01016820212,ESTACAO VILLA LOBOS - JAGUARE,AV NAÇÕES UNIDAS,2100,LINHA 9,JAGUARE,SAO PAULO,SP,DOE2,GOE,GOO,DO,DOE2,1,Item,RH/Lists/EstruturaOrganizacional
01016820215,ESTACAO CIDADE UNIVERSITARIA,AV NAÇÕES UNIDAS,6026,LINHA 9,ALTO DE PINHEIROS,SAO PAULO,SP,DOE2,GOE,GOO,DO,DOE2,1,Item,RH/Lists/EstruturaOrganizacional
01016820218,ESTACAO PINHEIROS,AV NAÇÕES UNIDAS,5701,LINHA 9,ALTO DE PINHEIROS,SAO PAULO,SP,DOE2,GOE,GOO,DO,DOE2,1,Item,RH/Lists/EstruturaOrganizacional
01016820221,ESTACAO HEBRAICA - REBOUCAS,RUA OFÉLIA,255,LINHA 9,PINHEIROS,SAO PAULO,SP,DOE2,GOE,GOO,DO,DOE2,1,Item,RH/Lists/EstruturaOrganizacional
01016820224,ESTACAO CIDADE JARDIM,RUA PROFESSOR ARTUR RAMOS,787,LINHA 9,JARDINS,SAO PAULO,SP,DOE2,GOE,GOO,DO,DOE2,1,Item,RH/Lists/EstruturaOrganizacional
01016820227,ESTACAO VILA OLIMPIA,AV NAÇÕES UNIDAS,10901,LINHA 9,BROOKLIN PAULISTA,SAO PAULO,SP,DOE2,GOE,GOO,DO,DOE2,1,Item,RH/Lists/EstruturaOrganizacional
01015640000,DEPTO DE MANUTENCAO DE VIA PERMANENTE - LINHAS 7/8/9,AV RAIMUNDO PEREIRA DE MAGALHÃES,200,LAPA,LAPA,SAO PAULO,SP,DOVF,GOV,GOM,DO,DOVF,1,Item,RH/Lists/EstruturaOrganizacional
01015650000,DEPTO DE MANUTENCAO DE VIA PERMANENTE - LINHAS 10/11/12/13,PRAÇA AGENTE CICERO,S/N,EST. BRAS,BRAS,SAO PAULO,SP,DOVL,GOV,GOM,DO,DOVL,1,Item,RH/Lists/EstruturaOrganizacional
01015660000,"DEPTO DE MANUTENCAO DE ESTRUTURA CIVIL - LINHAS 7, 8 e 9",AV RAIMUNDO PEREIRA DE MAGALHÃES,200,LAPA,VILA ANASTACIO,SAO PAULO,SP,DOVC,GOV,GOM,DO,DOVC,1,Item,RH/Lists/EstruturaOrganizacional
01016810230,ESTACAO UTINGA,AV DA PAZ,S/N,LINHA 10,UTINGA,SANTO ANDRE,SP,DOE1,GOE,GOO,DO,DOE1,1,Item,RH/Lists/EstruturaOrganizacional
01016810235,ESTACAO PREFEITO SALADINO,PRAÇA DR ARMANDO ARRUDA PEREIRA,S/N,LINHA 10,SANTA TERESINHA,SANTO ANDRE,SP,DOE1,GOE,GOO,DO,DOE1,1,Item,RH/Lists/EstruturaOrganizacional
01016810240,ESTACAO PREF CELSO DANIEL - SANTO ANDRE,RUA ITAMBE,40,LINHA 10,CENTRO,SANTO ANDRE,SP,DOE1,GOE,GOO,DO,DOE1,1,Item,RH/Lists/EstruturaOrganizacional
01016810245,ESTACAO CAPUAVA,AV MANOEL DA NOBREGA,S/N,LINHA 10,CAPUAVA,MAUA,SP,DOE1,GOE,GOO,DO,DOE1,1,Item,RH/Lists/EstruturaOrganizacional
01016810250,ESTACAO MAUA,AV RIO BRANCO,54,LINHA 10,CENTRO,MAUA,SP,DOE1,GOE,GOO,DO,DOE1,1,Item,RH/Lists/EstruturaOrganizacional
01015510004,MANUTENCAO DE SISTEMAS AUXILIARES - SISTEMAS ELETRICOS - BRAS,PRAÇA AGENTE CICERO,S/N,EST. BRAS,BRAS,SAO PAULO,SP,DOFA,GOF,GOM,DO,DOFA,1,Item,RH/Lists/EstruturaOrganizacional
01015510008,MANUTENCAO DE SISTEMAS AUXILIARES - SISTEMAS ELETRICOS - LAPA,AV RAIMUNDO PEREIRA DE MAGALHÃES,200,LAPA,LAPA,SAO PAULO,SP,DOFA,GOF,GOM,DO,DOFA,1,Item,RH/Lists/EstruturaOrganizacional
01015510012,MANUTENCAO DE SISTEMAS AUXILIARES - SISTEMAS ELETRICOS - LUZ,PRAÇA DA LUZ,1,PLATAFORMA 4,LUZ,SAO PAULO,SP,DOFA,GOF,GOM,DO,DOFA,1,Item,RH/Lists/EstruturaOrganizacional
01015510016,MANUTENCAO DE SISTEMAS AUXILIARES - SISTEMAS ELETRICOS - P ALTINO,RUA GENERAL MANOEL DE AZAMBUJA BRILHANTE,55,OFICINA PRESID. ALTINO,CENTRO,OSASCO,SP,DOFA,GOF,GOM,DO,DOFA,1,Item,RH/Lists/EstruturaOrganizacional
01015510021,MANUTENCAO DE SISTEMAS AUXILIARES - SISTEMAS ELETRICOS - SAO CAETANO,RUA AMAZONAS,1,SAO CAETANO DO SUL,CENTRO,SAO CAETANO DO SUL,SP,DOFA,GOF,GOM,DO,DOFA,1,Item,RH/Lists/EstruturaOrganizacional
01015510024,MANUTENCAO DE SISTEMAS AUXILIARES - CD 90 HZ - PRESIDENTE ALTINO,RUA GENERAL MANOEL DE AZAMBUJA BRILHANTE,55,OFICINA PRESID. ALTINO,CENTRO,OSASCO,SP,DOFA,GOF,GOM,DO,DOFA,1,Item,RH/Lists/EstruturaOrganizacional
01015510028,MANUTENCAO DE SISTEMAS AUXILIARES - ESCADAS ROLANTES E ELEVADORES,PRAÇA AGENTE CICERO,S/N,EST. BRAS,BRAS,SAO PAULO,SP,DOFA,GOF,GOM,DO,DOFA,1,Item,RH/Lists/EstruturaOrganizacional
01015510032,MANUTENCAO DE SISTEMAS AUXILIARES - GERADORES,AV RAIMUNDO PEREIRA DE MAGALHÃES,200,LAPA,LAPA,SAO PAULO,SP,DOFA,GOF,GOM,DO,DOFA,1,Item,RH/Lists/EstruturaOrganizacional
01015530005,CIM - BRAS,PRAÇA AGENTE CICERO,S/N,1º ANDAR/CCO BRAS,BRAS,SAO PAULO,SP,DOFS,GOF,GOM,DO,DOFS,1,Item,RH/Lists/EstruturaOrganizacional
01015530010,CIM - CONTROLE DE OPERACOES ELETRICAS - COE,PRAÇA AGENTE CICERO,S/N,1º ANDAR/CCO BRAS,BRAS,SAO PAULO,SP,DOFS,GOF,GOM,DO,DOFS,1,Item,RH/Lists/EstruturaOrganizacional
01015530015,"CIM - CONTROLE, REGISTRO E ACOMPANHAMENTO DE FALHAS",PRAÇA AGENTE CICERO,S/N,1º ANDAR/CCO BRAS,BRAS,SAO PAULO,SP,DOFS,GOF,GOM,DO,DOFS,1,Item,RH/Lists/EstruturaOrganizacional
01015530020,RESTABELECIMENTO CCO BRAS,PRAÇA AGENTE CICERO,S/N,EST. BRAS,BRAS,SAO PAULO,SP,DOFS,GOF,GOM,DO,DOFS,1,Item,RH/Lists/EstruturaOrganizacional
01015530035,OFICINA DE SINALIZACAO,AV RAIMUNDO PEREIRA DE MAGALHÃES,200,LAPA,VILA ANASTACIO,SAO PAULO,SP,DOFS,GOF,GOM,DO,DOFS,1,Item,RH/Lists/EstruturaOrganizacional
01015533004,RESTABELECIMENTO BRAS,PRAÇA AGENTE CICERO,S/N,CCO/BRAS,BRAS,SAO PAULO,SP,DOFS,GOF,GOM,DO,DOFS,1,Item,RH/Lists/EstruturaOrganizacional
01015533017,RESTABELECIMENTO CALMON VIANA,RUA HERCULANO DUARTE RIBAS,612,CALMON VIANA,CALMOM VIANA,POA,SP,DOFS,GOF,GOM,DO,DOFS,1,Item,RH/Lists/EstruturaOrganizacional
01012830000,DEPARTAMENTO DE SAUDE OCUPACIONAL INTEGRAL,RUA BOA VISTA,170,3º ANDAR,CENTRO,SAO PAULO,SP,DFHO,GFH,,DF,DFHO,1,Item,RH/Lists/EstruturaOrganizacional
01012831000,EQUIPE DE SAUDE OCUPACIONAL INTEGRAL,RUA BOA VISTA,170,3º ANDAR,CENTRO,SAO PAULO,SP,DFHO,GFH,,DF,DFHO,1,Item,RH/Lists/EstruturaOrganizacional
01012832000,EQUIPE DE SAUDE OCUPACIONAL INTEGRAL - BRAS,PRAÇA AGENTE CICERO,S/N,EST. BRAS,BRÁS,SAO PAULO,SP,DFHO,GFH,,DF,DFHO,1,Item,RH/Lists/EstruturaOrganizacional
01012833000,EQUIPE DE SAUDE OCUPACIONAL INTEGRAL - LAPA,AV RAIMUNDO PEREIRA DE MAGALHÃES,200,LAPA,VILA ANASTÁCIO,SAO PAULO,SP,DFHO,GFH,,DF,DFHO,1,Item,RH/Lists/EstruturaOrganizacional
01012834000,EQUIPE DE SAUDE OCUPACIONAL INTEGRAL - PRESIDENTE ALTINO,RUA ZUMA DE SA FERNANDES,360,PRESID. ALTINO,PRESIDENTE ALTINO,OSASCO,SP,DFHO,GFH,,DF,DFHO,1,Item,RH/Lists/EstruturaOrganizacional
01015360009,ABRIGO ENG SP PREVENTIVA MECANICA DIURNA,RUA BRESSER,1933A,OFICINA ENG. SAO PAULO,MOOCA,SAO PAULO,SP,DORE,GOR,GOM,DO,DORE,1,Item,RH/Lists/EstruturaOrganizacional
01015524000,EQUIPE DE IMPLANTACAO DE ENERGIA,RUA ANTONIO FIDELIS,15,LAPA DE BAIXO,LAPA DE BAIXO,SAO PAULO,SP,DOFE,GOF,GOM,DO,DOFE,1,Item,RH/Lists/EstruturaOrganizacional
01015534000,EQUIPE DE IMPLANTACAO DE SINALIZACAO E TELECOM,RUA JOSÉ PAULINO,7,EST. LUZ,BOM RETIRO,SAO PAULO,SP,DOFS,GOF,GOM,DO,DOFS,1,Item,RH/Lists/EstruturaOrganizacional
01015450000,DEPTO DE ENGENHARIA DE MANUTENCAO DE MATERIAL RODANTE,RUA ZUMA DE SA FERNANDES,360,2º ANDAR,PRESIDENTE ALTINO,OSASCO,SP,DOTM,GOT,GOM,DO,DOTM,1,Item,RH/Lists/EstruturaOrganizacional
01015451000,EQUIPE ENGENHARIA DE PROJETOS DO MATERIAL RODANTE,RUA ZUMA DE SA FERNANDES,360,2º ANDAR,PRESIDENTE ALTINO,OSASCO,SP,DOTM,GOT,GOM,DO,DOTM,1,Item,RH/Lists/EstruturaOrganizacional
01015452000,EQUIPE ENGENHARIA DE MANUTENCAO DE TRENS,RUA ZUMA DE SA FERNANDES,360,2º ANDAR,PRESIDENTE ALTINO,OSASCO,SP,DOTM,GOT,GOM,DO,DOTM,1,Item,RH/Lists/EstruturaOrganizacional
01015453000,EQUIPE ENGENHARIA DE MANUT DE VEICULOS E MAQ AUX DO MATERIAL RODANTE,RUA ZUMA DE SA FERNANDES,360,2º ANDAR,PRESIDENTE ALTINO,OSASCO,SP,DOTM,GOT,GOM,DO,DOTM,1,Item,RH/Lists/EstruturaOrganizacional
01015454000,EQUIPE DE PROGRAMAS ESPECIAIS DO MATERIAL RODANTE,RUA ZUMA DE SA FERNANDES,360,2º ANDAR,PRESIDENTE ALTINO,OSASCO,SP,DOTM,GOT,GOM,DO,DOTM,1,Item,RH/Lists/EstruturaOrganizacional
01015360001,"ABRIGO ENG SP PLANEJAMENTO, CONTROLE E LOGISTICA",RUA BRESSER,1933A,OFICINA ENG. SAO PAULO,MOOCA,SAO PAULO,SP,DORE,GOR,GOM,DO,DORE,1,Item,RH/Lists/EstruturaOrganizacional
01015360002,ABRIGO ENG SP PREVENTIVA ELETRICA DIURNA,RUA BRESSER,1933A,OFICINA ENG. SAO PAULO,MOOCA,SAO PAULO,SP,DORE,GOR,GOM,DO,DORE,1,Item,RH/Lists/EstruturaOrganizacional
01015360003,ABRIGO ENG SP PREVENTIVA MECANICA NOTURNA,RUA BRESSER,1933A,OFICINA ENG. SAO PAULO,MOOCA,SAO PAULO,SP,DORE,GOR,GOM,DO,DORE,1,Item,RH/Lists/EstruturaOrganizacional
01015360004,ABRIGO ENG SP PREVENTIVA ELETRICA NOTURNA,RUA BRESSER,1933A,OFICINA ENG. SAO PAULO,MOOCA,SAO PAULO,SP,DORE,GOR,GOM,DO,DORE,1,Item,RH/Lists/EstruturaOrganizacional
01015360007,ABRIGO ENG SP CORRETIVA E MANOBRA,RUA BRESSER,1933A,OFICINA ENG. SAO PAULO,MOOCA,SAO PAULO,SP,DORE,GOR,GOM,DO,DORE,1,Item,RH/Lists/EstruturaOrganizacional
01015360008,ABRIGO ENG SP FISCALIZACAO E QUALIDADE,RUA BRESSER,1933A,OFICINA ENG. SAO PAULO,MOOCA,SAO PAULO,SP,DORE,GOR,GOM,DO,DORE,1,Item,RH/Lists/EstruturaOrganizacional
01015643000,EQUIPE DE OPERACAO DE MAQUINAS ESPECIAIS PLASSER-SPENO,AV RAIMUNDO PEREIRA DE MAGALHÃES,200,LAPA,LAPA,SAO PAULO,SP,DOVF,GOV,GOM,DO,DOVF,1,Item,RH/Lists/EstruturaOrganizacional
01014000002,EQUIPE DE APOIO DE,RUA BOA VISTA,162,6º ANDAR,CENTRO,SAO PAULO,SP,,,,DE,DE,1,Item,RH/Lists/EstruturaOrganizacional
01014000003,EQUIPE DE APOIO DE - PROJETOS,RUA BOA VISTA,162,6º ANDAR,CENTRO,SAO PAULO,SP,,,,DE,DE,1,Item,RH/Lists/EstruturaOrganizacional
01014000004,EQUIPE DE APOIO DE - CIVIL,RUA BOA VISTA,162,6º ANDAR,CENTRO,SAO PAULO,SP,,,,DE,DE,1,Item,RH/Lists/EstruturaOrganizacional
01015373070,LABORATORIO DE SISTEMAS ELETRONICOS,RUA GENERAL MANOEL DE AZAMBUJA BRILHANTE,360,PRESID. ALTINO,CENTRO,OSASCO,SP,DORO,GOR,GOM,DO,DORO,1,Item,RH/Lists/EstruturaOrganizacional
01015373075,OFICINA PRESIDENTE ALTINO ELETRONICA,RUA GENERAL MANOEL DE AZAMBUJA BRILHANTE,55,PRESID. ALTINO,CENTRO,OSASCO,SP,DORO,GOR,GOM,DO,DORO,1,Item,RH/Lists/EstruturaOrganizacional
01015375040,LABORATORIO DE TELECOMUNICACOES,AV RAIMUNDO PEREIRA DE MAGALHÃES,200,LAPA,VILA ANASTACIO,SAO PAULO,SP,DORO,GOR,GOM,DO,DORO,1,Item,RH/Lists/EstruturaOrganizacional
01015375045,OFICINA DE SINALIZACAO,AV RAIMUNDO PEREIRA DE MAGALHAES,200,LAPA,VILA ANASTACIO,SAO PAULO,SP,DORO,GOR,GOM,DO,DORO,1,Item,RH/Lists/EstruturaOrganizacional
01013020000,DEPARTAMENTO DE PLANEJAMENTO DA MOBILIDADE E PESQUISA,RUA BOA VISTA,162,6º ANDAR,CENTRO,SAO PAULO,SP,DPEP,,,DP,DPEP,1,Item,RH/Lists/EstruturaOrganizacional
01015510022,MANUTENCAO DE SISTEMAS AUXILIARES - SISTEMAS ELETRICOS - CALMON VIANA,RUA HERCULANO DUARTE RIBAS,612,CALMON VIANA,CALMON VIANA,POA,SP,DOFA,GOF,GOM,DO,DOFA,1,Item,RH/Lists/EstruturaOrganizacional
01015403000,EQUIPE DE APOIO TECNICO,RUA ZUMA DE SA FERNANDES,360,3º ANDAR,PRESIDENTE ALTINO,OSASCO,SP,,GOT,GOM,DO,GOT,1,Item,RH/Lists/EstruturaOrganizacional
01015404000,EQUIPE DE ADMINISTRACAO E GESTAO,RUA ZUMA DE SA FERNANDES,360,3º ANDAR,PRESIDENTE ALTINO,OSASCO,SP,,GOT,GOM,DO,GOT,1,Item,RH/Lists/EstruturaOrganizacional
01013601000,NUCLEO DE REGULARIZACAO FUNDIARIA,RUA BOA VISTA,175,4º ANDAR - BLOCO A,CENTRO,SAO PAULO,SP,,GPR,,DP,GPR,1,Item,RH/Lists/EstruturaOrganizacional
01016103000,NUCLEO DE INTELIGENCIA,PRAÇA AGENTE CICERO,S/N,1º ANDAR,BRAS,SAO PAULO,,,,GOO,DO,GOO,1,Item,RH/Lists/EstruturaOrganizacional
01016104000,EQUIPE DE GESTAO DE AVCB,PRAÇA AGENTE CICERO,S/N,1º ANDAR,BRAS,SAO PAULO,SP,,,GOO,DO,GOO,1,Item,RH/Lists/EstruturaOrganizacional
01016105000,EQUIPE DE GESTAO DE CONTRATOS,PRAÇA AGENTE CICERO,S/N,1º ANDAR,BRAS,SAO PAULO,SP,,,GOO,DO,GOO,1,Item,RH/Lists/EstruturaOrganizacional
01012001000,NUCLEO DE FINANCIAMENTOS,RUA BOA VISTA,162,13º ANDAR,CENTRO,SAO PAULO,SP,,,,DF,DF,1,Item,RH/Lists/EstruturaOrganizacional
01011410100,EQUIPE DE COMUNICACAO INTERNA,RUA BOA VISTA,162,5º ANDAR,CENTRO,SAO PAULO,SP,DRMK,GRM,,PR,DRMK,1,Item,RH/Lists/EstruturaOrganizacional
01011410200,EQUIPE DE CRIACAO,RUA BOA VISTA,162,5º ANDAR,CENTRO,SAO PAULO,SP,DRMK,GRM,,PR,DRMK,1,Item,RH/Lists/EstruturaOrganizacional
01011410300,EQUIPE DE EVENTOS,RUA BOA VISTA,162,5º ANDAR,CENTRO,SAO PAULO,SP,DRMK,GRM,,PR,DRMK,1,Item,RH/Lists/EstruturaOrganizacional
01011410400,EQUIPE DE REDES SOCIAIS,RUA BOA VISTA,162,5º ANDAR,CENTRO,SAO PAULO,SP,DRMK,GRM,,PR,DRMK,1,Item,RH/Lists/EstruturaOrganizacional
01015600020,NUCLEO DE APOIO,AV RAIMUNDO PEREIRA DE MAGALHÃES,200,LAPA,VILA ANASTÁCIO,SAO PAULO,SP,,GOV,GOM,DO,GOV,1,Item,RH/Lists/EstruturaOrganizacional
01015653000,EQUIPE USINA DE SOLDA DE TRILHOS - PIRITUBA,AV RAIMUNDO PEREIRA DE MAGALHÃES,200,LAPA,VILA ANASTÁCIO,SAO PAULO,SP,DOVL,GOV,GOM,DO,DOVL,1,Item,RH/Lists/EstruturaOrganizacional
01015654000,EQUIPE DE OPERACAO MECANIZADA INFRAESTRUTURA DE VP,AV RAIMUNDO PEREIRA DE MAGALHÃES,200,LAPA,VILA ANASTÁCIO,SAO PAULO,SP,DOVL,GOV,GOM,DO,DOVL,1,Item,RH/Lists/EstruturaOrganizacional
01015724000,EQUIPE DE INVENTARIO PERMANENTE,RUA GENERAL MANOEL DE AZAMBUJA BRILHANTE,55,PRESID. ALTINO,PRESIDENTE ALTINO,OSASCO,SP,DOLM,GOL,GOM,DO,DOLM,1,Item,RH/Lists/EstruturaOrganizacional
01011090000,DEPARTAMENTO DE AUDITORIA,RUA BOA VISTA,162,3º ANDAR,CENTRO,SAO PAULO,SP,DRAU,,,PR,DRAU,1,Item,RH/Lists/EstruturaOrganizacional
01011530000,DEPARTAMENTO DE CUSTOS DE OBRAS CIVIS E FORMACAO DE PRECOS,RUA BOA VISTA,162,5º ANDAR,CENTRO,SAO PAULO,SP,DRCC,GRC,,PR,DRCC,1,Item,RH/Lists/EstruturaOrganizacional
01011540000,DEPARTAMENTO DE CUSTOS DE SISTEMAS E SERVICOS,RUA BOA VISTA,162,5º ANDAR,CENTRO,SAO PAULO,SP,DRCS,GRC,,PR,DRCS,1,Item,RH/Lists/EstruturaOrganizacional
01012840000,DEPARTAMENTO DE SEGURANCA DO TRABALHO E RELACOES SINDICAIS,RUA BOA VISTA,170,3º ANDAR,CENTRO,SAO PAULO,SP,DFHR,GFH,,DF,DFHR,1,Item,RH/Lists/EstruturaOrganizacional
01012840001,DEPTO DE SEGURANCA DO TRABALHO E RELACOES SINDICAIS - SECRETARIA BRAS,PRAÇA AGENTE CICERO,S/N,EST. BRAS,BRAS,SAO PAULO,SP,DFHR,GFH,,DF,DFHR,1,Item,RH/Lists/EstruturaOrganizacional
01012840100,"NUCLEO DE AVALIACOES AMBIENTAIS, LAUDO E GESTAO DE RISCO",RUA BOA VISTA,170,3º ANDAR,CENTRO,SAO PAULO,SP,DFHR,GFH,,DF,DFHR,1,Item,RH/Lists/EstruturaOrganizacional
01012840110,NUCLEO DE NORMATIZACAO E PADRONIZACAO - BRAS,PRAÇA AGENTE CICERO,S/N,EST. BRAS,BRAS,SAO PAULO,SP,DFHR,GFH,,DF,DFHR,1,Item,RH/Lists/EstruturaOrganizacional
01012840200,"NUCLEO PPRA E PROCESSOS JURIDICOS (GRJ, MTE, MPT E SRTE)",RUA BOA VISTA,170,3º ANDAR,CENTRO,SAO PAULO,SP,DFHR,GFH,,DF,DFHR,1,Item,RH/Lists/EstruturaOrganizacional
01012840300,"NUCLEO PPRA E PROCESSOS JURIDICOS (GRJ, MTE, MPT E SRTE)",RUA BOA VISTA,170,3º ANDAR,CENTRO,SAO PAULO,SP,DFHR,GFH,,DF,DFHR,1,Item,RH/Lists/EstruturaOrganizacional
01012841000,"EQUIPE SEGURANCA DO TRABALHO LINHAS 7, 8 E 9",RUA BOA VISTA,170,3º ANDAR,CENTRO,SAO PAULO,SP,DFHR,GFH,,DF,DFHR,1,Item,RH/Lists/EstruturaOrganizacional
01012841100,"EQUIPE SEGURANCA DO TRABALHO LINHAS 7, 8 E 9 - LAPA",AV RAIMUNDO PEREIRA DE MAGALHÃES,200,LAPA,VILA ANASTACIO,SAO PAULO,SP,DFHR,GFH,,DF,DFHR,1,Item,RH/Lists/EstruturaOrganizacional
01012842000,"EQUIPE SEGURANCA DO TRABALHO LINHAS 10, 11, 12 E 13",RUA BOA VISTA,170,3º ANDAR,CENTRO,SAO PAULO,SP,DFHR,GFH,,DF,DFHR,1,Item,RH/Lists/EstruturaOrganizacional
01012843000,EQUIPE DE SEGURANCA DO TRABALHO E RELACOES SINDICAIS,RUA BOA VISTA,170,3º ANDAR,CENTRO,SAO PAULO,SP,DFHR,GFH,,DF,DFHR,1,Item,RH/Lists/EstruturaOrganizacional
01011430000,DEPARTAMENTO DE IMPRENSA,RUA BOA VISTA,162,5º ANDAR,CENTRO,SAO PAULO,SP,DRMI,GRM,,PR,DRMI,1,Item,RH/Lists/EstruturaOrganizacional
01016231007,MOVIMENTO DE TRENS 8/9-ITAPEVI,RUA JOAO PIRES DE OLIVEIRA,51,EST. ITAPEVI,JD NOVA ITAPEVI,ITAPEVI,SP,DOC2,GOC,GOO,DO,DOC2,1,Item,RH/Lists/EstruturaOrganizacional
01015723000,EQUIPE DE FUNDO FIXO,AV RAIMUNDO PEREIRA DE MAGALHÃES,200,LAPA,VILA ANASTÁCIO,SAO PAULO,SP,DOLM,GOL,GOM,DO,DOLM,1,Item,RH/Lists/EstruturaOrganizacional
01015726000,EQUIPE DE PESQUISA DE PRECO,AV RAIMUNDO PEREIRA DE MAGALHÃES,185,LAPA,VILA ANASTÁCIO,SAO PAULO,SP,DOLM,GOL,GOM,DO,DOLM,1,Item,RH/Lists/EstruturaOrganizacional
01015727000,EQUIPE DE PLANEJAMENTO ESTRATEGICO,AV RAIMUNDO PEREIRA DE MAGALHÃES,200,LAPA,VILA ANASTÁCIO,SAO PAULO,SP,DOLM,GOL,GOM,DO,DOLM,1,Item,RH/Lists/EstruturaOrganizacional
01015728000,EQUIPE DE UNIFORMES,AV RAIMUNDO PEREIRA DE MAGALHÃES,200,LAPA,VILA ANASTÁCIO,SAO PAULO,SP,DOLM,GOL,GOM,DO,DOLM,1,Item,RH/Lists/EstruturaOrganizacional
01013611000,EQUIPE DE RECEITA,RUA BOA VISTA,175,3º ANDAR - BLOCO A,CENTRO,SAO PAULO,SP,DPRG,GPR,,DP,DPRG,1,Item,RH/Lists/EstruturaOrganizacional
01013612000,EQUIPE DE AVALIACOES,RUA BOA VISTA,175,3º ANDAR - BLOCO A,CENTRO,SAO PAULO,SP,DPRG,GPR,,DP,DPRG,1,Item,RH/Lists/EstruturaOrganizacional
01013613000,EQUIPE DE GEOPROCESSAMENTO,RUA BOA VISTA,175,3º ANDAR - BLOCO A,CENTRO,SAO PAULO,SP,DPRG,GPR,,DP,DPRG,1,Item,RH/Lists/EstruturaOrganizacional
01015510036,CLIMATIZACAO - BRAS,PRAÇA AGENTE CICERO,S/N,CCO/BRAS,BRÁS,SAO PAULO,SP,DOFA,GOF,GOM,DO,DOFA,1,Item,RH/Lists/EstruturaOrganizacional
01011250000,DEPTO JURIDICO CRIMINAL E DE PROCEDIMENTOS INQUISITIVOS,RUA BOA VISTA,162,3º ANDAR,CENTRO,SAO PAULO,SP,DRJI,GRJ,,PR,DRJI,1,Item,RH/Lists/EstruturaOrganizacional
01016830260,ESTACAO CALMON VIANA,AV BRASIL,1441,LINHA 12,CALMOM VIANA,POA,SP,DOE3,GOE,GOO,DO,DOE3,1,Item,RH/Lists/EstruturaOrganizacional
01016830305,ESTACAO ENG GOULART,AV DR ASSIS RIBEIRO,169,LINHA 13,ENG GOULART,SAO PAULO,SP,DOE3,GOE,GOO,DO,DOE3,1,Item,RH/Lists/EstruturaOrganizacional
01016830310,ESTACAO GUARULHOS - CECAP,AV NATALIA ZARIF,460,LINHA 13,PARQUE INDUSTRIAL CUMBICA,GUARULHOS,SP,DOE3,GOE,GOO,DO,DOE3,1,Item,RH/Lists/EstruturaOrganizacional
01016830315,ESTACAO AEROPORTO - GUARULHOS,AV NATALIA ZARIF,460,LINHA 13,PARQUE INDUSTRIAL CUMBICA,GUARULHOS,SP,DOE3,GOE,GOO,DO,DOE3,1,Item,RH/Lists/EstruturaOrganizacional
01012841200,"EQUIPE SEGURANCA DO TRABALHO LINHAS 7, 8 E 9 - PRESIDENTE ALTINO",RUA ZUMA DE SA FERNANDES,360,PRESID. ALTINO,PRESIDENTE ALTINO,OSASCO,SP,DFHR,GFH,,DF,DFHR,1,Item,RH/Lists/EstruturaOrganizacional
01015700000,GERENCIA DE LOGISTICA,AV RAIMUNDO PEREIRA DE MAGALHÃES,200,LAPA,VILA ANASTACIO,SAO PAULO,SP,,GOL,GOM,DO,GOL,1,Item,RH/Lists/EstruturaOrganizacional
01015720000,DEPARTAMENTO DE GESTAO E CADASTRO DE MATERIAIS,AV RAIMUNDO PEREIRA DE MAGALHÃES,200,LAPA,VILA ANASTÁCIO,SAO PAULO,SP,DOLM,GOL,GOM,DO,DOLM,1,Item,RH/Lists/EstruturaOrganizacional
01016110000,DEPARTAMENTO DE RELACIONAMENTO COM O PASSAGEIRO,AV AURO SOARES DE MOURA ANDRADE,664,EST. BARRA FUNDA,BARRA FUNDA,SAO PAULO,SP,DOOP,,GOO,DO,DOOP,1,Item,RH/Lists/EstruturaOrganizacional
01015712000,EQUIPE DE ALMOXARIFADO - PRESIDENTE ALTINO,RUA GENERAL MANOEL DE AZAMBUJA BRILHANTE,55,PRESID. ALTINO,PRESIDENTE ALTINO,OSASCO,SP,DOLA,GOL,GOM,DO,DOLA,1,Item,RH/Lists/EstruturaOrganizacional
01015435000,EQUIPE SISTEMAS ELETROMECANICOS,RUA ZUMA DE SA FERNANDES,360,3º ANDAR,PRESIDENTE ALTINO,OSASCO,SP,DOTI,GOT,GOM,DO,DOTI,1,Item,RH/Lists/EstruturaOrganizacional
01019002041,CESSAO CIA DE SANEAMENTO BASICO DO ESTADO DE SP,RUA BOA VISTA,175,BOA VISTA,CENTRO,SAO PAULO,SP,CED,,,CED,CED,1,Item,RH/Lists/EstruturaOrganizacional
01012800100,NUCLEO DE CONTRATOS E PROCESSOS ORGANIZACIONAIS,RUA BOA VISTA,162,4º ANDAR,CENTRO,SAO PAULO,SP,,GFH,,DF,GFH,1,Item,RH/Lists/EstruturaOrganizacional
01012800200,NUCLEO DE RELACOES SINDICAIS,RUA BOA VISTA,162,4º ANDAR,CENTRO,SAO PAULO,SP,,GFH,,DF,GFH,1,Item,RH/Lists/EstruturaOrganizacional
01012810100,NUCLEO PREVENTIVO TRABALHISTA,RUA BOA VISTA,162,4º ANDAR,CENTRO,SAO PAULO,SP,DFHP,GFH,,DF,DFHP,1,Item,RH/Lists/EstruturaOrganizacional
01012825000,EQUIPE DE CARGOS E SALARIOS,RUA BOA VISTA,162,4º ANDAR,CENTRO,SAO PAULO,SP,DFHD,GFH,,DF,DFHD,1,Item,RH/Lists/EstruturaOrganizacional
01012850000,DEPARTAMENTO DE SAUDE OCUPACIONAL E SEGURANCA DO TRABALHO,RUA BOA VISTA,162,4º ANDAR,CENTRO,SAO PAULO,SP,DFHS,GFH,,DF,DFHS,1,Item,RH/Lists/EstruturaOrganizacional
01012850001,SEGURANCA DO TRABALHO - SECRETARIA BRAS,PRAÇA AGENTE CICERO,S/N,EST. BRAS,BRAS,SÃO PAULO,SP,DFHS,GFH,,DF,DFHS,1,Item,RH/Lists/EstruturaOrganizacional
01012850100,"NUCLEO DE AVALIACOES AMBIENTAIS, LAUDO E GESTAO DE RISCO",RUA BOA VISTA,162,4º ANDAR,CENTRO,SAO PAULO,SP,DFHS,GFH,,DF,DFHS,1,Item,RH/Lists/EstruturaOrganizacional
01012850200,"NUCLEO PPRA E PROCESSOS JURIDICOS (GRJ, MTE, MPT E SRTE)",RUA BOA VISTA,162,4º ANDAR,CENTRO,SAO PAULO,SP,DFHS,GFH,,DF,DFHS,1,Item,RH/Lists/EstruturaOrganizacional
01012851000,EQUIPE DE SAUDE OCUPACIONAL INTEGRAL,RUA BOA VISTA,162,4º ANDAR,CENTRO,SAO PAULO,SP,DFHS,GFH,,DF,DFHS,1,Item,RH/Lists/EstruturaOrganizacional
01012851100,EQUIPE DE SAUDE OCUPACIONAL INTEGRAL - BRAS,PRAÇA AGENTE CICERO,185,,BRAS,SÃO PAULO,SP,DFHS,GFH,,DF,DFHS,1,Item,RH/Lists/EstruturaOrganizacional
01012851200,EQUIPE DE SAUDE OCUPACIONAL INTEGRAL - LAPA,AVENIDA RAIMUNDO PEREIRA DE MAGALHÃES,200,LAPA,VILA  ANASTACIO,SÃO PAULO,SP,DFHS,GFH,,DF,DFHS,1,Item,RH/Lists/EstruturaOrganizacional
01012851300,EQUIPE DE SAUDE OCUPACIONAL INTEGRAL - ALTINO,RUA ZUMA DE SA FERNANDES,360,PRESID. ALTINO,PRESIDENTE ALTINO,OSASCO,SP,DFHS,GFH,,DF,DFHS,1,Item,RH/Lists/EstruturaOrganizacional
01012852000,"EQUIPE SEGURANCA DO TRABALHO LINHAS 7, 8 E 9",RUA BOA VISTA,162,4º ANDAR,BOA VISTA,SÃO PAULO,SP,DFHS,GFH,,DF,DFHS,1,Item,RH/Lists/EstruturaOrganizacional
01012852100,"EQUIPE SEGURANCA DO TRABALHO LINHAS 7, 8 E 9 - LAPA",AVENIDA RAIMUNDO PEREIRA DE MAGALHÃES,200,LAPA,VILA  ANASTACIO,SÃO PAULO,SP,DFHS,GFH,,DF,DFHS,1,Item,RH/Lists/EstruturaOrganizacional
01012852200,"EQUIPE SEGURANCA DO TRABALHO LINHAS 7, 8 E 9 - ALTINO",RUA ZUMA DE SA FERNANDES,360,PRESID. ALTINO,PRESIDENTE ALTINO,OSASCO,SP,DFHS,GFH,,DF,DFHS,1,Item,RH/Lists/EstruturaOrganizacional
01012853000,"EQUIPE SEGURANCA DO TRABALHO LINHAS 10, 11, 12 E 13",RUA BOA VISTA,162,4º ANDAR,CENTRO,SAO PAULO,SP,DFHS,GFH,,DF,DFHS,1,Item,RH/Lists/EstruturaOrganizacional
01015662000,BASE DE MANUTENCAO CIVIL - LINHA 8,RUA GENERAL MANOEL DE AZAMBUJA BRILHANTE,55,PRESID. ALTINO,PRESIDENTE ALTINO,OSASCO,SP,DOVC,GOV,GOM,DO,DOVC,1,Item,RH/Lists/EstruturaOrganizacional
01015663000,BASE DE MANUTENCAO CIVIL - LINHA 9,RUA GENERAL MANOEL DE AZAMBUJA BRILHANTE,55,PRESID. ALTINO,PRESIDENTE ALTINO,OSASCO,SP,DOVC,GOV,GOM,DO,DOVC,1,Item,RH/Lists/EstruturaOrganizacional
01015670000,"DEPTO DE MANUTENCAO DE ESTRUTURA CIVIL - LINHAS 10, 11, 12 e 13",AV RAIMUNDO PEREIRA DE MAGALHAES,200,P1,LAPA,SAO PAULO,SP,DOVD,GOV,GOM,DO,DOVD,1,Item,RH/Lists/EstruturaOrganizacional
01015671000,BASE DE MANUTENCAO CIVIL - LINHA 10,AV RAIMUNDO PEREIRA DE MAGALHAES,200,P1,LAPA,SAO PAULO,SP,DOVD,GOV,GOM,DO,DOVD,1,Item,RH/Lists/EstruturaOrganizacional
01015672000,BASE DE MANUTENCAO CIVIL - LINHA 11,RUA HERCULANO DUARTE RIBAS,130,,CONJ ALVORADA,POA,SP,DOVD,GOV,GOM,DO,DOVD,1,Item,RH/Lists/EstruturaOrganizacional
01015673000,BASE DE MANUTENCAO CIVIL - LINHA 12 e 13,RUA DR ALMEIDA LIMA,652,,MOOCA,SÃO PAULO,SP,DOVD,GOV,GOM,DO,DOVD,1,Item,RH/Lists/EstruturaOrganizacional
01015377000,EQUIPE MANUTENCAO E OPERACAO DE MAQUINAS E EQUIPAMENTOS VP,AV RAIMUNDO PEREIRA DE MAGALHÃES,200,LAPA,LAPA,SAO PAULO,SP,DORO,GOR,GOM,DO,DORO,1,Item,RH/Lists/EstruturaOrganizacional
01015377005,MANUTENCAO DE MAQUINAS DE CORRECAO GEOMETRICA,AV RAIMUNDO PEREIRA DE MAGALHÃES,200,LAPA,LAPA,SAO PAULO,SP,DORO,GOR,GOM,DO,DORO,1,Item,RH/Lists/EstruturaOrganizacional
01015377010,MANUTENCAO MECANICA DE MAQUINAS ESPECIAIS,AV RAIMUNDO PEREIRA DE MAGALHÃES,200,LAPA,LAPA,SAO PAULO,SP,DORO,GOR,GOM,DO,DORO,1,Item,RH/Lists/EstruturaOrganizacional
01015377015,MANUTENCAO ELETROELETRONICA GERAL,AV RAIMUNDO PEREIRA DE MAGALHÃES,200,LAPA,LAPA,SAO PAULO,SP,DORO,GOR,GOM,DO,DORO,1,Item,RH/Lists/EstruturaOrganizacional
01015377020,OPERACAO DE MAQUINAS ESPECIAIS PLASSER-SPENO,AV RAIMUNDO PEREIRA DE MAGALHÃES,200,LAPA,LAPA,SAO PAULO,SP,DORO,GOR,GOM,DO,DORO,1,Item,RH/Lists/EstruturaOrganizacional
01015377025,MANUTENCAO DE MAQUINAS PORTATEIS E GRUPO MOTO-GERADORES,AV RAIMUNDO PEREIRA DE MAGALHÃES,200,LAPA,LAPA,SAO PAULO,SP,DORO,GOR,GOM,DO,DORO,1,Item,RH/Lists/EstruturaOrganizacional
01015377030,MANUTENCAO DE CAMINHOES DE LINHA,AV RAIMUNDO PEREIRA DE MAGALHÃES,200,LAPA,LAPA,SAO PAULO,SP,DORO,GOR,GOM,DO,DORO,1,Item,RH/Lists/EstruturaOrganizacional
01015377035,MANUTENCAO EQUIP TERRAPL MOV DE CARGA RODOVIARIOS E RODOFERROV,AV RAIMUNDO PEREIRA DE MAGALHÃES,200,LAPA,LAPA,SAO PAULO,SP,DORO,GOR,GOM,DO,DORO,1,Item,RH/Lists/EstruturaOrganizacional
01015377050,PRODUCAO DE COMPONENTES DE VP E METALURGIA,AV RAIMUNDO PEREIRA DE MAGALHÃES,200,LAPA,LAPA,SAO PAULO,SP,DORO,GOR,GOM,DO,DORO,1,Item,RH/Lists/EstruturaOrganizacional
01015600010,USINA DE SOLDA DE TRILHOS - PIRITUBA,RUA CAMARÕES,S/N,EST. PIRITUBA,PIRITUBA,SAO PAULO,SP,,GOV,GOM,DO,GOV,1,Item,RH/Lists/EstruturaOrganizacional
01015641000,EQUIPE DE INFRA E SUPERESTRUTURA VP - LAPA,AV RAIMUNDO PEREIRA DE MAGALHÃES,200,LAPA,LAPA,SAO PAULO,SP,DOVF,GOV,GOM,DO,DOVF,1,Item,RH/Lists/EstruturaOrganizacional
01015641005,MANUTENCAO DE INFRA E SUPERESTRUTURA - LINHA 7 LUZ-VAU,AV RAIMUNDO PEREIRA DE MAGALHÃES,200,LAPA,LAPA,SAO PAULO,SP,DOVF,GOV,GOM,DO,DOVF,1,Item,RH/Lists/EstruturaOrganizacional
01015641010,MANUTENCAO DE INFRA E SUPERESTRUTURA - LINHA 7 VAU-JUN,AV RAIMUNDO PEREIRA DE MAGALHÃES,200,LAPA,LAPA,SAO PAULO,SP,DOVF,GOV,GOM,DO,DOVF,1,Item,RH/Lists/EstruturaOrganizacional
01015642000,EQUIPE DE INFRA E SUPERESTRUTURA VP - PRESIDENTE ALTINO,RUA GENERAL MANOEL DE AZAMBUJA BRILHANTE,55,PRESID. ALTINO,PRESIDENTE ALTINO,OSASCO,SP,DOVF,GOV,GOM,DO,DOVF,1,Item,RH/Lists/EstruturaOrganizacional
01015642005,MANUTENCAO DE INFRA E SUPERESTRUTURA - LINHA 8,RUA GENERAL MANOEL DE AZAMBUJA BRILHANTE,55,PRESID. ALTINO,PRESIDENTE ALTINO,OSASCO,SP,DOVF,GOV,GOM,DO,DOVF,1,Item,RH/Lists/EstruturaOrganizacional
01015642010,MANUTENCAO DE INFRA E SUPERESTRUTURA - LINHA 9,RUA GENERAL MANOEL DE AZAMBUJA BRILHANTE,55,PRESID. ALTINO,PRESIDENTE ALTINO,OSASCO,SP,DOVF,GOV,GOM,DO,DOVF,1,Item,RH/Lists/EstruturaOrganizacional
01015642015,CORRECAO GEOMETRICA - PRESIDENTE ALTINO,RUA GENERAL MANOEL DE AZAMBUJA BRILHANTE,55,PRESID. ALTINO,PRESIDENTE ALTINO,OSASCO,SP,DOVF,GOV,GOM,DO,DOVF,1,Item,RH/Lists/EstruturaOrganizacional
01015642020,SOLDAS E EQUIPAMENTOS - PRESIDENTE ALTINO,RUA GENERAL MANOEL DE AZAMBUJA BRILHANTE,55,PRESID. ALTINO,PRESIDENTE ALTINO,OSASCO,SP,DOVF,GOV,GOM,DO,DOVF,1,Item,RH/Lists/EstruturaOrganizacional
01015651000,EQUIPE DE INFRA E SUPERESTRUTURA VP - CALMON VIANA,PRAÇA AGENTE CICERO,S/N,EST. BRAS,BRAS,SAO PAULO,SP,DOVL,GOV,GOM,DO,DOVL,1,Item,RH/Lists/EstruturaOrganizacional
01015651005,MANUTENCAO DE INFRA E SUPERESTRUTURA - LINHA 11 ALV-GUA,RUA HERCULANO DUARTE RIBAS,612,CALMON VIANA,CALMON VIANA,POA,SP,DOVL,GOV,GOM,DO,DOVL,1,Item,RH/Lists/EstruturaOrganizacional
01015651010,MANUTENCAO DE INFRA E SUPERESTRUTURA - LINHA 11 BAS-ALV,RUA HERCULANO DUARTE RIBAS,612,CALMON VIANA,CALMON VIANA,POA,SP,DOVL,GOV,GOM,DO,DOVL,1,Item,RH/Lists/EstruturaOrganizacional
01015651015,MANUTENCAO DE INFRA E SUPERESTRUTURA - LINHA 11 GUA-EST,RUA HERCULANO DUARTE RIBAS,612,CALMON VIANA,CALMON VIANA,POA,SP,DOVL,GOV,GOM,DO,DOVL,1,Item,RH/Lists/EstruturaOrganizacional
01015651020,MANUTENCAO DE INFRA E SUPERESTRUTURA - LINHA 12,RUA HERCULANO DUARTE RIBAS,612,CALMON VIANA,CALMON VIANA,POA,SP,DOVL,GOV,GOM,DO,DOVL,1,Item,RH/Lists/EstruturaOrganizacional
01015651025,CORRECAO GEOMETRICA - CALMON VIANA,RUA HERCULANO DUARTE RIBAS,612,CALMON VIANA,CALMON VIANA,POA,SP,DOVL,GOV,GOM,DO,DOVL,1,Item,RH/Lists/EstruturaOrganizacional
01015651030,SOLDAS E EQUIPAMENTOS - CALMON VIANA,RUA HERCULANO DUARTE RIBAS,612,CALMON VIANA,CALMON VIANA,POA,SP,DOVL,GOV,GOM,DO,DOVL,1,Item,RH/Lists/EstruturaOrganizacional
01015652000,EQUIPE DE INFRA E SUPERESTRUTURA VP - SAO CAETANO,AV RAIMUNDO PEREIRA DE MAGALHÃES,200,LAPA,LAPA,SAO PAULO,SP,DOVL,GOV,GOM,DO,DOVL,1,Item,RH/Lists/EstruturaOrganizacional
01015652005,MANUTENCAO DE INFRA E SUPERESTRUTURA - LINHA 10 LUZ-UTG,AV RAIMUNDO PEREIRA DE MAGALHÃES,200,LAPA,LAPA,SAO PAULO,SP,DOVL,GOV,GOM,DO,DOVL,1,Item,RH/Lists/EstruturaOrganizacional
01015652010,MANUTENCAO DE INFRA E SUPERESTRUTURA - LINHA 10 UTG-RPI,RUA SERAFIM CONSTANTINO,51,PATIO ESTACAO,CENTRO,SAO CAETANO DO SUL,SP,DOVL,GOV,GOM,DO,DOVL,1,Item,RH/Lists/EstruturaOrganizacional
01015652015,CORRECAO GEOMETRICA - SAO CAETANO,AV RAIMUNDO PEREIRA DE MAGALHÃES,200,LAPA,LAPA,SAO PAULO,SP,DOVL,GOV,GOM,DO,DOVL,1,Item,RH/Lists/EstruturaOrganizacional
01015652020,SOLDAS E EQUIPAMENTOS - SAO CAETANO,AV RAIMUNDO PEREIRA DE MAGALHÃES,200,LAPA,LAPA,SAO PAULO,SP,DOVL,GOV,GOM,DO,DOVL,1,Item,RH/Lists/EstruturaOrganizacional
01015661000,BASE DE MANUTENCAO CIVIL - LINHA 7,AV RAIMUNDO PEREIRA DE MAGALHÃES,200,LAPA,LAPA,SAO PAULO,SP,DOVC,GOV,GOM,DO,DOVC,1,Item,RH/Lists/EstruturaOrganizacional
01015340045,ABRIGO LAPA CORRETIVA E FISCALIZACAO,AV RAIMUNDO PEREIRA DE MAGALHÃES,200,OFICINA LAPA,VILA ANASTACIO,SAO PAULO,SP,DORA,GOR,GOM,DO,DORA,1,Item,RH/Lists/EstruturaOrganizacional
01015531080,RESTABELECIMENTO BARRA FUNDA,RUA MARIO DE ANDRADE,684,EST. BARRA FUNDA,BARRA FUNDA,SAO PAULO,SP,DOFS,GOF,GOM,DO,DOFS,1,Item,RH/Lists/EstruturaOrganizacional
01015532018,SINALIZACAO PREVENTIVA CARAPICUIBA,RUA MAX ZENDRON,S/N,CARAPICUIBA,CENTRO,CARAPICUIBA,SP,DOFS,GOF,GOM,DO,DOFS,1,Item,RH/Lists/EstruturaOrganizacional
01015532028,RESTABELECIMENTO JURUBATUBA,RUA OCTALLES MARCONDES FERREIRA,391,EST. JURUBATUBA,JURUBATUBA,SAO PAULO,SP,DOFS,GOF,GOM,DO,DOFS,1,Item,RH/Lists/EstruturaOrganizacional
01012800000,GERENCIA DE DESENVOLVIMENTO ORGANIZACIONAL E RECURSOS HUMANOS,RUA BOA VISTA,162,4º ANDAR,CENTRO,SAO PAULO,SP,,GFH,,DF,GFH,1,Item,RH/Lists/EstruturaOrganizacional
01012808004,GERENCIA DE DESENV ORGAN E REC HUMANOS - STM,RUA BOA VISTA,162,4º ANDAR,CENTRO,SAO PAULO,SP,,GFH,,DF,GFH,1,Item,RH/Lists/EstruturaOrganizacional
01012808005,GERENCIA DE DESENV ORGAN E REC HUMANOS - REALOCACAO,RUA BOA VISTA,162,4º ANDAR,CENTRO,SAO PAULO,SP,,GFH,,DF,GFH,1,Item,RH/Lists/EstruturaOrganizacional
01012808007,GERENCIA DE DESENV ORGAN E REC HUMANOS - LIC,RUA BOA VISTA,162,4º ANDAR,CENTRO,SAO PAULO,SP,,GFH,,DF,GFH,1,Item,RH/Lists/EstruturaOrganizacional
01012810000,DEPARTAMENTO DE ADMINISTRACAO DE PESSOAL,RUA BOA VISTA,162,4º ANDAR,CENTRO,SAO PAULO,SP,DFHP,GFH,,DF,DFHP,1,Item,RH/Lists/EstruturaOrganizacional
01012810001,ADMINISTRACAO DE PESSOAL - ARQUIVO LAPA,AV RAIMUNDO PEREIRA DE MAGALHÃES,200,LAPA,VILA ANASTACIO,SAO PAULO,SP,DFHP,GFH,,DF,DFHP,1,Item,RH/Lists/EstruturaOrganizacional
01012820000,DEPARTAMENTO DE PROVIMENTO E DESENVOLVIMENTO DE PESSOAL,RUA BOA VISTA,162,4º ANDAR,CENTRO,SAO PAULO,SP,DFHD,GFH,,DF,DFHD,1,Item,RH/Lists/EstruturaOrganizacional
01012821000,CENTRO DE FORMACAO PROFISSIONAL,AV RAIMUNDO PEREIRA DE MAGALHÃES,200,LAPA,VILA ANASTACIO,SAO PAULO,SP,DFHD,GFH,,DF,DFHD,1,Item,RH/Lists/EstruturaOrganizacional
01012821001,CENTRO DE FORMACAO PROFISSIONAL - APRENDIZES,AV RAIMUNDO PEREIRA DE MAGALHÃES,200,LAPA,VILA ANASTACIO,SAO PAULO,SP,DFHD,GFH,,DF,DFHD,1,Item,RH/Lists/EstruturaOrganizacional
01012822000,EQUIPE DE PROVIMENTO DE PESSOAL,RUA BOA VISTA,162,4º ANDAR,CENTRO,SAO PAULO,SP,DFHD,GFH,,DF,DFHD,1,Item,RH/Lists/EstruturaOrganizacional
01012823000,EQUIPE DE SUPORTE TECNICO E ADMINISTRATIVO,RUA BOA VISTA,162,4º ANDAR,CENTRO,SAO PAULO,SP,DFHD,GFH,,DF,DFHD,1,Item,RH/Lists/EstruturaOrganizacional
01012824000,EQUIPE DE DESENVOLVIMENTO DE PESSOAL,RUA BOA VISTA,162,4º ANDAR,CENTRO,SAO PAULO,SP,DFHD,GFH,,DF,DFHD,1,Item,RH/Lists/EstruturaOrganizacional
01011603000,NUCLEO DE COORDENACAO DE SINDICANCIA,RUA BOA VISTA,162,13º ANDAR,CENTRO,SAO PAULO,SP,,GRI,,PR,GRI,1,Item,RH/Lists/EstruturaOrganizacional
01015644000,EQUIPE DE LOCOMOTIVAS - LINHAS 7/10 - LAPA,AV RAIMUNDO PEREIRA DE MAGALHAES,200,,LAPA,SAO PAULO,SP,DOVF,GOV,GOM,DO,DOVF,1,Item,RH/Lists/EstruturaOrganizacional
01015645000,EQUIPE DE LOCOMOTIVAS - LINHAS 8/9 - PRESIDENTE ALTINO,RUA GENERAL MANOEL DE AZAMBUJA BRILHANTE,55,PRESID. ALTINO,P ALTINO,OSASCO,SP,DOVF,GOV,GOM,DO,DOVF,1,Item,RH/Lists/EstruturaOrganizacional
01015646000,EQUIPE DE LOCOMOTIVAS - LINHAS 11/12 - CALMON VIANA,AV BRASIL,S/N,,CALMON VIANA,SAO PAULO,SP,DOVF,GOV,GOM,DO,DOVF,1,Item,RH/Lists/EstruturaOrganizacional
